order_id,session_id,user_id,order_ts,gross_amount,discount_amount,shipping_amount,net_amount,payment_method,total_items,distinct_products,total_cost,avg_product_rating,top_category,margin_proxy
o0000001,s0000015,u000739,2026-01-12 14:51:51,4145.06,49.97,0.0,4095.09,upi,5,3,2580.4500000000003,4.233333333333333,books,1514.6399999999999
o0000002,s0000060,,2025-11-19 07:56:21,4302.5,151.09,0.0,4151.41,netbanking,5,3,2819.7599999999998,3.9,books,1331.65
o0000003,s0000073,,2025-12-08 05:40:42,7199.78,596.95,0.0,6602.83,netbanking,2,1,4502.68,4.1,books,2100.1499999999996
o0000004,s0000081,u001896,2025-12-09 11:00:54,1262.26,75.4,117.27,1304.13,wallet,2,1,614.5,4.9,electronics,689.6300000000001
o0000005,s0000084,u002032,2025-11-01 02:02:38,13486.98,1087.51,0.0,12399.47,upi,7,4,8519.26,4.1,sports,3880.209999999999
o0000006,s0000099,u001732,2025-11-01 07:42:33,15390.66,1308.74,0.0,14081.92,cod,2,1,9608.34,3.8,beauty,4473.58
o0000007,s0000108,u000900,2025-10-25 19:37:15,8550.28,662.5,0.0,7887.78,card,6,3,5416.18,4.3999999999999995,fashion,2471.5999999999995
o0000008,s0000129,u000899,2026-01-11 12:40:27,4714.45,346.55,0.0,4367.9,netbanking,4,2,2885.94,3.9000000000000004,fashion,1481.9599999999996
o0000009,s0000154,,2026-01-04 13:54:35,7305.27,800.62,0.0,6504.65,wallet,4,2,3963.25,3.8499999999999996,beauty,2541.3999999999996
o0000010,s0000165,u000486,2025-12-15 13:59:08,7847.5,429.33,0.0,7418.17,wallet,4,2,4508.48,4.55,beauty,2909.6900000000005
o0000011,s0000170,u000601,2025-10-26 20:08:08,5515.6,593.48,0.0,4922.12,card,5,4,3229.4,3.9,sports,1692.7199999999998
o0000012,s0000194,u001883,2025-12-27 19:04:46,5325.84,83.63,0.0,5242.21,card,5,3,3823.4799999999996,3.9,beauty,1418.7300000000005
o0000013,s0000199,,2025-12-05 18:52:42,1175.83,150.72,73.49,1098.6,wallet,1,1,754.73,4.2,books,343.8699999999999
o0000014,s0000210,,2025-12-24 13:48:46,6381.79,679.72,0.0,5702.07,cod,5,3,3335.71,3.9333333333333336,home,2366.3599999999997
o0000015,s0000212,u002058,2025-12-14 08:53:35,6305.04,442.11,0.0,5862.93,upi,6,3,4194.9,3.9333333333333336,electronics,1668.0300000000007
o0000016,s0000214,u000816,2025-12-09 17:08:41,12398.07,916.77,0.0,11481.3,card,6,4,7937.7699999999995,4.475,sports,3543.5299999999997
o0000017,s0000232,u001851,2025-10-30 01:24:17,9975.91,336.48,0.0,9639.43,card,9,4,5604.67,3.725,home,4034.76
o0000018,s0000233,u002028,2026-01-16 21:31:59,10736.71,0.0,0.0,10736.71,card,6,3,5973.969999999999,4.233333333333333,electronics,4762.74
o0000019,s0000253,u001569,2025-10-24 15:16:41,14907.5,673.46,0.0,14234.04,card,8,3,9124.98,4.1000000000000005,books,5109.060000000001
o0000020,s0000367,u000257,2026-01-16 21:38:10,2492.46,157.43,0.0,2335.03,wallet,2,1,1423.72,5.0,electronics,911.3100000000002
o0000021,s0000369,u000478,2025-12-04 00:18:37,7310.93,543.87,0.0,6767.06,upi,5,2,4034.92,4.15,books,2732.1400000000003
o0000022,s0000381,u001985,2026-01-01 11:04:40,10156.76,1010.37,0.0,9146.39,cod,8,4,5884.75,4.0,electronics,3261.6399999999994
o0000023,s0000398,u001342,2025-12-20 11:41:33,2844.6,105.5,0.0,2739.1,card,3,1,2039.28,3.9,fashion,699.8199999999999
o0000024,s0000418,u000554,2025-11-24 00:55:35,2019.44,114.25,0.0,1905.19,wallet,2,1,972.34,4.1,beauty,932.85
o0000025,s0000440,u002170,2025-12-03 23:15:39,2385.74,246.07,0.0,2139.67,netbanking,2,1,1423.94,3.4,electronics,715.73
o0000026,s0000449,u001606,2026-01-03 17:32:43,11737.28,191.31,0.0,11545.97,upi,6,4,7432.299999999999,3.95,electronics,4113.67
o0000027,s0000459,u000962,2026-01-10 05:24:03,12162.84,705.99,0.0,11456.85,card,8,4,6355.75,3.775,fashion,5101.1
o0000028,s0000464,u000417,2025-12-04 08:06:09,11102.4,1402.8,0.0,9699.6,upi,3,1,5443.62,4.9,fashion,4255.9800000000005
o0000029,s0000472,,2025-10-31 03:23:27,11948.32,614.57,0.0,11333.75,upi,11,4,5836.37,4.3,sports,5497.38
o0000030,s0000476,u001922,2026-01-09 19:08:10,4106.69,430.0,0.0,3676.69,netbanking,2,2,2492.65,4.1,fashion,1184.04
o0000031,s0000489,,2025-12-15 07:27:34,11250.42,569.38,0.0,10681.04,upi,6,2,6914.58,3.7,beauty,3766.460000000001
o0000032,s0000492,u000574,2025-10-25 11:05:02,10658.05,1573.96,0.0,9084.09,wallet,6,4,6616.569999999999,4.3,beauty,2467.5200000000013
o0000033,s0000513,u000891,2025-12-11 14:31:30,13310.55,1423.02,0.0,11887.53,upi,6,4,7024.54,4.125,beauty,4862.990000000001
o0000034,s0000523,,2025-12-11 00:54:47,896.95,74.18,118.2,940.97,wallet,1,1,618.04,3.1,beauty,322.93000000000006
o0000035,s0000531,u001231,2025-12-24 02:38:13,11957.27,1283.05,0.0,10674.22,cod,8,4,7878.9400000000005,4.275,home,2795.279999999999
o0000036,s0000544,u001066,2026-01-03 07:44:32,1269.09,68.46,93.11,1293.74,netbanking,1,1,854.8,4.1,electronics,438.94000000000005
o0000037,s0000561,u000486,2025-11-18 20:49:30,18545.91,834.05,0.0,17711.86,cod,9,4,11402.119999999999,4.175,beauty,6309.740000000002
o0000038,s0000572,u000269,2025-11-17 12:31:43,15788.48,1018.19,0.0,14770.29,upi,7,4,8540.220000000001,3.975,home,6230.07
o0000039,s0000597,,2025-11-01 18:22:05,1224.26,167.0,67.62,1124.88,cod,2,1,835.08,3.7,books,289.80000000000007
o0000040,s0000607,u000040,2026-01-18 07:26:40,8334.52,617.84,0.0,7716.68,cod,5,3,5810.74,4.233333333333333,beauty,1905.9400000000005
o0000041,s0000634,u001498,2025-11-11 16:13:32,4119.56,654.46,0.0,3465.1,upi,3,3,2068.16,4.166666666666667,sports,1396.94
o0000042,s0000636,u000205,2025-11-23 19:54:59,3639.96,172.59,0.0,3467.37,card,3,2,2080.04,3.75,home,1387.33
o0000043,s0000648,u001360,2025-12-29 22:15:01,3180.36,189.03,0.0,2991.33,upi,2,1,1970.18,4.4,electronics,1021.1499999999999
o0000044,s0000652,,2025-11-25 16:31:09,6203.61,312.31,0.0,5891.3,wallet,4,3,3564.59,4.233333333333333,books,2326.71
o0000045,s0000656,u001888,2025-11-22 18:55:38,3995.22,74.53,0.0,3920.69,upi,4,3,2120.6099999999997,4.066666666666666,beauty,1800.0800000000004
o0000046,s0000667,u001953,2025-12-24 07:02:29,20646.03,937.91,0.0,19708.12,upi,11,4,12918.47,4.2,sports,6789.65
o0000047,s0000681,u000749,2025-11-12 10:51:02,7724.67,475.17,0.0,7249.5,netbanking,7,3,4645.27,4.466666666666667,books,2604.2299999999996
o0000048,s0000689,,2025-12-15 17:33:57,2102.3,200.37,0.0,1901.93,upi,2,1,948.88,4.2,electronics,953.0500000000001
o0000049,s0000692,u001298,2025-12-29 03:39:24,2863.94,280.76,0.0,2583.18,cod,2,2,1649.6599999999999,3.75,electronics,933.52
o0000050,s0000726,u001182,2025-10-23 01:14:39,8028.26,571.14,0.0,7457.12,netbanking,6,3,5313.28,3.9333333333333336,electronics,2143.84
o0000051,s0000730,u000731,2025-11-28 14:04:43,13829.97,1490.68,0.0,12339.29,card,7,4,7945.03,3.6,home,4394.260000000001
o0000052,s0000732,u000746,2025-12-15 22:29:17,8049.68,759.84,0.0,7289.84,wallet,6,3,5066.76,4.3999999999999995,beauty,2223.08
o0000053,s0000745,u001245,2026-01-11 14:28:36,6731.26,912.3,0.0,5818.96,wallet,4,2,4297.92,4.35,electronics,1521.04
o0000054,s0000752,u001955,2025-12-09 11:25:16,7175.74,646.22,0.0,6529.52,card,3,3,4276.04,4.366666666666666,beauty,2253.4800000000005
o0000055,s0000776,u001280,2025-12-02 13:27:00,7622.86,456.1,0.0,7166.76,netbanking,5,3,5215.030000000001,4.133333333333334,beauty,1951.7299999999996
o0000056,s0000782,u000505,2025-11-26 05:37:11,5767.63,102.03,0.0,5665.6,netbanking,5,4,3291.0699999999997,4.0,books,2374.5300000000007
o0000057,s0000785,,2025-11-29 11:38:49,3270.27,189.66,0.0,3080.61,card,2,2,2012.5500000000002,4.05,books,1068.06
o0000058,s0000792,u000653,2025-11-13 23:23:15,8610.28,313.76,0.0,8296.52,cod,6,3,5326.1,4.066666666666666,books,2970.42
o0000059,s0000795,u002141,2025-10-27 16:38:24,2475.67,114.65,0.0,2361.02,wallet,2,2,1465.67,4.25,electronics,895.3499999999999
o0000060,s0000800,u000123,2026-01-14 22:52:55,14303.08,1221.52,0.0,13081.56,card,5,3,7897.12,4.133333333333334,beauty,5184.44
o0000061,s0000815,u000165,2025-10-29 01:48:15,8897.9,704.87,0.0,8193.03,upi,7,3,5881.7,3.966666666666667,electronics,2311.330000000001
o0000062,s0000832,u001834,2026-01-10 02:16:28,2364.02,233.48,0.0,2130.54,upi,2,2,1595.1999999999998,4.15,electronics,535.3400000000001
o0000063,s0000838,u000797,2025-12-23 01:14:43,9723.22,717.12,0.0,9006.1,card,5,2,5002.44,3.6500000000000004,electronics,4003.6600000000008
o0000064,s0000839,u000336,2025-10-27 07:54:50,7175.75,228.77,0.0,6946.98,upi,4,2,3738.6800000000003,4.05,beauty,3208.2999999999993
o0000065,s0000852,u001473,2025-11-12 07:53:45,1504.05,114.7,99.65,1489.0,card,3,1,685.02,4.5,fashion,803.98
o0000066,s0000874,u001534,2025-11-06 03:28:19,4671.07,217.32,0.0,4453.75,wallet,5,2,2835.98,4.4,fashion,1617.77
o0000067,s0000875,u001667,2026-01-04 06:37:16,3765.7,263.81,0.0,3501.89,card,2,1,2584.14,4.6,beauty,917.75
o0000068,s0000876,,2025-11-19 15:58:49,11048.32,1016.63,0.0,10031.69,cod,8,4,6125.7,4.325,electronics,3905.9900000000007
o0000069,s0000929,,2025-11-30 02:41:21,6045.87,147.04,0.0,5898.83,netbanking,4,2,3877.39,4.35,beauty,2021.44
o0000070,s0000940,u000622,2026-01-18 12:58:28,8760.95,503.29,0.0,8257.66,upi,7,3,6054.620000000001,4.166666666666667,home,2203.039999999999
o0000071,s0000965,u000691,2025-12-28 18:50:26,3121.68,362.36,0.0,2759.32,wallet,2,1,1413.42,4.4,home,1345.9
o0000072,s0000992,,2025-12-23 06:06:11,14587.05,1621.38,0.0,12965.67,card,3,2,7200.0599999999995,3.75,books,5765.610000000001
o0000073,s0000997,,2026-01-18 03:43:47,13205.19,1290.75,0.0,11914.44,netbanking,8,3,7701.53,4.3,beauty,4212.910000000001
o0000074,s0001005,u000470,2025-12-14 21:08:44,4882.41,256.79,0.0,4625.62,cod,2,2,2567.6400000000003,4.3,beauty,2057.9799999999996
o0000075,s0001011,,2025-12-20 17:10:01,14032.56,1865.45,0.0,12167.11,upi,7,3,7911.6,4.166666666666667,beauty,4255.51
o0000076,s0001033,u001143,2026-01-19 07:29:04,9967.89,1029.93,0.0,8937.96,card,9,4,6025.040000000001,4.4,sports,2912.9199999999983
o0000077,s0001059,u001974,2025-11-14 07:34:30,13119.54,1345.8,0.0,11773.74,card,10,4,7099.9400000000005,4.125,sports,4673.799999999999
o0000078,s0001076,u001573,2026-01-01 12:13:11,4769.41,347.1,0.0,4422.31,cod,4,3,3352.9700000000003,3.733333333333333,beauty,1069.3400000000001
o0000079,s0001096,u001567,2025-10-24 04:01:01,1590.06,154.82,83.94,1519.18,upi,3,1,738.75,3.6,home,780.4300000000001
o0000080,s0001104,u001318,2025-11-06 22:24:34,3583.89,182.16,0.0,3401.73,card,4,3,2334.85,4.1000000000000005,beauty,1066.88
o0000081,s0001107,u001266,2026-01-07 14:09:01,11293.11,1413.75,0.0,9879.36,cod,6,2,6341.3099999999995,4.55,beauty,3538.050000000001
o0000082,s0001143,u000564,2025-10-28 12:19:40,2292.21,215.89,0.0,2076.32,wallet,3,1,1615.62,4.1,electronics,460.7000000000003
o0000083,s0001156,,2026-01-01 09:08:25,5564.69,452.11,0.0,5112.58,netbanking,3,2,3196.0,4.25,beauty,1916.58
o0000084,s0001157,u001417,2025-12-06 00:34:26,656.51,62.8,52.65,646.36,card,1,1,342.41,3.0,sports,303.95
o0000085,s0001158,u000169,2025-12-01 04:26:15,8276.51,222.03,0.0,8054.48,upi,7,3,3992.1400000000003,4.233333333333333,electronics,4062.3399999999992
o0000086,s0001166,u000019,2025-12-21 04:16:33,8603.56,1048.0,0.0,7555.56,wallet,4,2,4889.0,4.15,books,2666.5600000000004
o0000087,s0001177,u000796,2026-01-17 00:42:13,3448.3,192.96,0.0,3255.34,card,4,2,1863.96,4.300000000000001,books,1391.38
o0000088,s0001182,u000638,2026-01-19 01:14:32,16020.81,1607.3,0.0,14413.51,cod,9,4,9235.3,4.025,sports,5178.210000000001
o0000089,s0001187,u001006,2025-12-30 14:22:05,10869.57,481.92,0.0,10387.65,netbanking,8,4,5895.5599999999995,4.275,sports,4492.09
o0000090,s0001194,u000301,2025-12-07 08:05:12,11941.93,936.82,0.0,11005.11,upi,7,4,7731.24,4.3,books,3273.870000000001
o0000091,s0001195,u000481,2026-01-05 22:31:20,11532.52,986.94,0.0,10545.58,upi,8,3,7867.24,4.2,books,2678.34
o0000092,s0001203,u001135,2026-01-16 00:54:05,7303.42,646.59,0.0,6656.83,cod,4,2,3899.1899999999996,4.2,fashion,2757.6400000000003
o0000093,s0001206,u000616,2025-10-23 11:51:32,11010.44,336.32,0.0,10674.12,card,6,3,6926.75,4.1000000000000005,fashion,3747.370000000001
o0000094,s0001216,u001583,2026-01-02 07:07:12,2405.2,258.59,0.0,2146.61,card,4,2,1320.52,4.35,beauty,826.0900000000001
o0000095,s0001219,u000967,2025-12-14 01:58:09,11564.94,819.53,0.0,10745.41,upi,7,3,7048.32,4.366666666666667,books,3697.09
o0000096,s0001237,u001411,2025-11-22 20:13:23,6709.47,518.72,0.0,6190.75,card,6,2,4609.35,3.95,books,1581.3999999999996
o0000097,s0001266,u000013,2025-12-04 17:09:01,6016.23,252.42,0.0,5763.81,upi,6,4,3529.3,4.0,beauty,2234.51
o0000098,s0001285,u001276,2025-11-10 05:38:14,6622.62,546.22,0.0,6076.4,card,4,3,4172.22,4.133333333333333,electronics,1904.1799999999994
o0000099,s0001307,u001041,2026-01-11 06:13:20,33330.77,1797.14,0.0,31533.63,upi,8,3,20242.71,4.1000000000000005,beauty,11290.920000000002
o0000100,s0001324,u002192,2025-12-06 22:53:33,7330.21,961.46,0.0,6368.75,netbanking,6,3,3650.33,3.9,books,2718.42
o0000101,s0001327,u000765,2025-12-22 04:54:50,11185.16,517.93,0.0,10667.23,upi,9,4,6746.450000000001,3.675,sports,3920.779999999999
o0000102,s0001330,u000093,2026-01-16 07:19:58,12031.4,1514.46,0.0,10516.94,upi,6,3,6137.83,4.333333333333333,beauty,4379.110000000001
o0000103,s0001369,u002120,2025-12-12 08:27:41,11721.61,150.2,0.0,11571.41,upi,9,4,7452.08,4.25,beauty,4119.33
o0000104,s0001412,,2026-01-07 12:34:18,11363.24,1019.29,0.0,10343.95,card,5,2,6903.079999999999,4.5,home,3440.8700000000017
o0000105,s0001421,u001831,2025-11-28 16:50:19,7074.52,480.71,0.0,6593.81,upi,4,3,4178.51,4.233333333333333,home,2415.3
o0000106,s0001431,u000067,2025-10-28 09:25:31,16425.26,1997.24,0.0,14428.02,upi,8,4,8665.289999999999,4.475,electronics,5762.730000000001
o0000107,s0001444,u000568,2026-01-07 00:00:46,8235.92,1086.53,0.0,7149.39,wallet,4,2,4152.78,4.05,electronics,2996.6100000000006
o0000108,s0001446,u001495,2025-12-03 13:23:23,8974.71,556.7,0.0,8418.01,upi,4,2,6151.54,4.25,electronics,2266.4700000000003
o0000109,s0001469,u001648,2025-12-25 04:54:21,8640.66,951.66,0.0,7689.0,upi,2,1,4501.78,3.6,home,3187.2200000000003
o0000110,s0001491,u000355,2026-01-07 06:14:07,4985.54,405.63,0.0,4579.91,cod,4,2,3498.7900000000004,4.35,electronics,1081.1199999999994
o0000111,s0001517,,2025-11-02 00:24:49,11853.4,747.33,0.0,11106.07,netbanking,7,3,6895.17,3.9,books,4210.9
o0000112,s0001565,u000663,2025-11-22 06:41:29,9692.38,929.52,0.0,8762.86,netbanking,4,2,5015.2,4.45,electronics,3747.6600000000008
o0000113,s0001583,,2025-11-22 05:11:13,12584.49,631.05,0.0,11953.44,wallet,9,4,8379.9,4.3,sports,3573.540000000001
o0000114,s0001592,u000308,2026-01-07 02:13:21,10602.29,789.21,0.0,9813.08,upi,7,4,6941.139999999999,4.125,beauty,2871.9400000000005
o0000115,s0001603,u001821,2026-01-05 22:44:47,10560.83,953.98,0.0,9606.85,upi,6,3,6986.69,4.166666666666667,fashion,2620.1600000000008
o0000116,s0001607,,2025-12-18 05:47:57,6438.04,403.71,0.0,6034.33,upi,4,2,3625.94,4.0,books,2408.39
o0000117,s0001610,u001839,2026-01-15 18:30:14,1642.39,60.04,86.06,1668.41,card,2,2,918.82,4.300000000000001,beauty,749.59
o0000118,s0001628,u001498,2025-11-22 01:43:29,1461.47,155.9,57.45,1363.02,card,1,1,948.92,4.0,electronics,414.1
o0000119,s0001646,u000552,2025-12-06 03:15:08,10353.68,1231.5,0.0,9122.18,card,8,4,6126.639999999999,4.1,fashion,2995.540000000001
o0000120,s0001654,u000955,2025-12-26 16:40:31,8491.44,661.4,0.0,7830.04,wallet,6,2,4119.120000000001,4.6,beauty,3710.919999999999
o0000121,s0001657,u001195,2026-01-16 11:21:13,8289.96,833.62,0.0,7456.34,card,5,3,4881.15,4.266666666666667,electronics,2575.1900000000005
o0000122,s0001685,u001941,2025-11-17 12:20:18,7931.36,601.21,0.0,7330.15,card,5,2,5006.26,3.95,books,2323.8899999999994
o0000123,s0001686,u001883,2025-12-14 04:15:17,3029.16,122.28,0.0,2906.88,cod,3,1,1458.51,4.1,beauty,1448.3700000000001
o0000124,s0001687,u000767,2025-11-16 07:36:48,7035.64,598.17,0.0,6437.47,upi,5,3,4214.9400000000005,4.266666666666667,beauty,2222.5299999999997
o0000125,s0001705,u001931,2025-12-24 22:01:04,4138.01,246.68,0.0,3891.33,card,3,3,2252.59,4.333333333333333,beauty,1638.7399999999998
o0000126,s0001741,u000520,2026-01-05 17:46:30,9979.39,690.94,0.0,9288.45,upi,9,4,6238.66,4.3,beauty,3049.790000000001
o0000127,s0001742,u001032,2025-12-06 17:57:22,18268.5,640.02,0.0,17628.48,cod,4,2,10996.380000000001,3.8499999999999996,beauty,6632.0999999999985
o0000128,s0001745,u000670,2025-11-11 21:48:04,5987.64,547.05,0.0,5440.59,card,5,2,4302.18,3.6,beauty,1138.4099999999999
o0000129,s0001768,u001632,2025-12-04 19:04:00,4399.7,306.11,0.0,4093.59,card,5,2,2844.74,4.25,books,1248.8500000000004
o0000130,s0001770,u001384,2025-12-19 04:34:28,10612.44,596.14,0.0,10016.3,upi,8,4,6179.45,3.925,books,3836.8499999999995
o0000131,s0001795,u000780,2026-01-07 19:11:51,7946.98,458.42,0.0,7488.56,netbanking,7,4,4222.01,4.325,electronics,3266.55
o0000132,s0001799,u002070,2025-10-23 20:29:14,2877.45,226.54,0.0,2650.91,wallet,3,2,1802.73,4.4,beauty,848.1799999999998
o0000133,s0001856,u001399,2025-11-15 07:39:59,23457.6,1402.92,0.0,22054.68,card,8,4,13999.81,4.075,beauty,8054.870000000001
o0000134,s0001871,,2025-11-07 11:54:53,8998.37,902.25,0.0,8096.12,wallet,5,3,5560.639999999999,3.9333333333333336,electronics,2535.4800000000005
o0000135,s0001876,u001605,2025-11-30 05:34:23,8146.37,409.51,0.0,7736.86,upi,3,2,4879.42,3.95,books,2857.4399999999996
o0000136,s0001878,u002152,2026-01-04 08:58:07,4004.99,185.03,0.0,3819.96,netbanking,3,3,2142.58,4.1000000000000005,books,1677.38
o0000137,s0001889,,2025-12-29 03:59:41,2559.52,137.33,0.0,2422.19,upi,1,1,1562.92,4.9,books,859.27
o0000138,s0001913,u002113,2025-10-30 13:07:45,14753.08,1274.08,0.0,13479.0,upi,5,3,9287.55,4.133333333333334,electronics,4191.450000000001
o0000139,s0001917,u002023,2025-10-21 18:48:03,16571.25,1133.19,0.0,15438.06,upi,9,4,9657.35,4.475,electronics,5780.709999999999
o0000140,s0001923,u000360,2025-11-03 11:31:11,1665.31,110.16,73.88,1629.03,card,1,1,1034.12,3.6,beauty,594.9100000000001
o0000141,s0001924,u001114,2025-11-20 18:37:47,1647.56,166.15,112.4,1593.81,wallet,3,2,946.37,3.6,electronics,647.4399999999999
o0000142,s0001930,u000336,2025-12-05 01:04:40,8824.22,413.32,0.0,8410.9,card,4,2,5133.38,3.15,books,3277.5199999999995
o0000143,s0001945,u001382,2025-12-24 07:54:55,3162.4,217.17,0.0,2945.23,netbanking,4,2,1739.2,3.2,electronics,1206.03
o0000144,s0001961,u002181,2025-12-11 02:48:12,11159.05,445.24,0.0,10713.81,card,5,3,6145.799999999999,3.9,books,4568.01
o0000145,s0001968,u001349,2025-12-29 22:18:38,8019.11,890.74,0.0,7128.37,card,4,2,4704.4800000000005,4.15,sports,2423.8899999999994
o0000146,s0001977,u002011,2025-12-20 16:52:29,9898.68,500.74,0.0,9397.94,card,6,2,5668.2,3.95,fashion,3729.7400000000007
o0000147,s0001981,u000642,2025-12-30 08:18:32,4663.41,306.55,0.0,4356.86,netbanking,4,3,2812.77,3.5666666666666664,beauty,1544.0899999999997
o0000148,s0001987,u000235,2025-11-23 05:42:22,15079.67,1015.81,0.0,14063.86,netbanking,6,3,8929.96,4.1,beauty,5133.9000000000015
o0000149,s0002001,u000692,2025-11-14 02:49:19,2982.36,170.61,0.0,2811.75,netbanking,4,2,1681.64,4.4,beauty,1130.11
o0000150,s0002018,,2025-12-15 17:09:04,13561.98,967.19,0.0,12594.79,wallet,6,2,8151.75,4.4,beauty,4443.040000000001
o0000151,s0002032,u000727,2025-10-25 16:06:22,6077.34,413.84,0.0,5663.5,card,3,3,3462.15,3.8666666666666667,beauty,2201.35
o0000152,s0002035,u000347,2025-12-22 18:25:53,19355.87,663.41,0.0,18692.46,cod,8,3,9959.580000000002,4.166666666666667,books,8732.879999999997
o0000153,s0002037,,2025-11-06 17:34:47,2559.52,96.71,0.0,2462.81,upi,1,1,1562.92,4.9,books,899.8899999999999
o0000154,s0002043,u000652,2026-01-11 04:42:13,15883.22,1497.61,0.0,14385.61,upi,9,4,7909.9,3.8,books,6475.710000000001
o0000155,s0002058,u001766,2026-01-06 19:57:45,4372.36,288.37,0.0,4083.99,card,4,2,2270.24,4.05,beauty,1813.75
o0000156,s0002059,u000987,2025-10-31 17:50:31,10468.58,537.0,0.0,9931.58,wallet,6,4,5280.12,3.925,beauty,4651.46
o0000157,s0002065,,2025-11-21 15:11:42,1908.04,217.69,85.38,1775.73,card,1,1,1414.9,4.1,home,360.8299999999999
o0000158,s0002082,,2025-11-10 19:44:45,3933.41,166.34,0.0,3767.07,card,3,2,2102.92,4.6,home,1664.15
o0000159,s0002087,u002113,2026-01-14 19:42:04,8095.14,663.71,0.0,7431.43,card,7,4,5013.42,3.85,home,2418.01
o0000160,s0002089,u001728,2025-12-08 03:37:54,12354.15,555.25,0.0,11798.9,wallet,5,2,7674.34,4.15,books,4124.5599999999995
o0000161,s0002113,u001938,2025-12-21 01:33:37,11654.21,790.11,0.0,10864.1,card,8,4,6345.4400000000005,4.15,books,4518.66
o0000162,s0002117,u002167,2026-01-05 07:09:16,786.93,66.2,50.04,770.77,upi,3,1,580.38,5.0,sports,190.39
o0000163,s0002121,,2026-01-19 06:21:33,14409.59,1339.65,0.0,13069.94,wallet,8,4,9017.52,3.825,beauty,4052.42
o0000164,s0002141,u000058,2025-11-30 03:40:46,14589.37,1370.91,0.0,13218.46,upi,5,2,7952.77,4.1,books,5265.689999999999
o0000165,s0002144,,2025-12-07 17:01:19,2864.29,191.96,0.0,2672.33,wallet,3,2,1721.67,3.35,home,950.6599999999999
o0000166,s0002150,,2025-12-17 14:53:36,2473.17,198.4,0.0,2274.77,netbanking,2,2,1572.35,4.3,books,702.4200000000001
o0000167,s0002160,u001127,2025-11-23 12:59:48,9449.09,581.09,0.0,8868.0,card,4,2,4601.88,4.199999999999999,books,4266.12
o0000168,s0002167,,2025-12-08 08:06:04,3857.37,284.99,0.0,3572.38,upi,4,2,2585.35,4.6,beauty,987.0300000000002
o0000169,s0002180,,2025-12-22 09:58:12,1060.04,110.09,86.66,1036.61,upi,2,1,492.5,3.6,home,544.1099999999999
o0000170,s0002186,u000768,2025-10-25 19:35:25,6792.32,511.27,0.0,6281.05,upi,3,2,4334.75,4.55,electronics,1946.3000000000002
o0000171,s0002187,u001893,2025-12-16 06:21:15,8784.05,590.79,0.0,8193.26,wallet,7,4,5231.41,4.4,electronics,2961.8500000000004
o0000172,s0002189,u001820,2026-01-04 05:53:32,4163.77,374.58,0.0,3789.19,cod,4,3,1972.94,3.6666666666666665,beauty,1816.25
o0000173,s0002191,,2026-01-14 21:19:54,10197.84,416.26,0.0,9781.58,netbanking,8,4,6503.29,4.05,beauty,3278.29
o0000174,s0002216,u001192,2025-11-26 21:36:38,8094.25,671.84,0.0,7422.41,upi,4,3,5053.49,4.2,electronics,2368.92
o0000175,s0002234,u001055,2025-11-25 17:56:37,2752.47,237.55,0.0,2514.92,upi,1,1,1920.18,3.5,beauty,594.74
o0000176,s0002240,u001388,2025-11-03 00:57:22,13949.42,784.15,0.0,13165.27,upi,6,3,8722.13,3.966666666666667,beauty,4443.140000000001
o0000177,s0002247,u001304,2025-12-25 13:00:52,4838.1,392.8,0.0,4445.3,wallet,3,1,2510.46,4.1,fashion,1934.8400000000001
o0000178,s0002264,u000635,2025-12-28 12:21:01,15809.35,810.99,0.0,14998.36,wallet,10,4,10131.82,3.9,sports,4866.540000000001
o0000179,s0002267,u000347,2025-11-09 03:24:22,1609.26,92.81,118.96,1635.41,card,2,1,1004.7,3.5,sports,630.71
o0000180,s0002274,u001909,2025-12-25 07:13:01,10488.16,696.23,0.0,9791.93,card,9,4,5591.12,3.95,sports,4200.81
o0000181,s0002278,u002063,2025-12-30 04:02:03,17193.46,1758.89,0.0,15434.57,wallet,7,3,9676.16,4.0,books,5758.41
o0000182,s0002293,,2025-11-17 12:05:38,3113.2,201.22,0.0,2911.98,cod,2,1,2298.98,3.9,electronics,613.0
o0000183,s0002295,,2025-11-07 10:12:03,6511.06,188.16,0.0,6322.9,upi,5,3,4774.67,4.333333333333333,home,1548.2299999999996
o0000184,s0002298,u002193,2026-01-12 08:17:23,14599.54,1637.54,0.0,12962.0,upi,10,4,8488.279999999999,4.05,books,4473.720000000001
o0000185,s0002299,u000227,2025-11-13 13:26:46,2844.6,226.96,0.0,2617.64,wallet,3,1,2039.28,3.9,fashion,578.3599999999999
o0000186,s0002317,u000187,2025-12-01 14:29:39,13821.37,997.22,0.0,12824.15,card,5,2,6905.62,4.55,electronics,5918.53
o0000187,s0002330,u001651,2025-11-19 11:54:05,11767.31,880.79,0.0,10886.52,card,7,4,7580.1,4.025,electronics,3306.42
o0000188,s0002346,u001078,2025-12-25 11:06:26,1991.86,69.21,109.59,2032.24,card,2,1,1246.78,3.0,home,785.46
o0000189,s0002351,u000268,2025-10-26 05:46:16,13326.66,1241.43,0.0,12085.23,netbanking,12,4,8981.789999999999,4.1,books,3103.4400000000005
o0000190,s0002383,u000417,2026-01-18 23:48:08,3065.32,267.73,0.0,2797.59,card,4,3,1843.15,4.5,books,954.44
o0000191,s0002386,u000215,2025-11-01 19:18:39,11871.9,817.8,0.0,11054.1,card,5,3,6568.66,3.9333333333333336,books,4485.4400000000005
o0000192,s0002388,u000680,2026-01-10 14:53:30,8184.95,594.86,0.0,7590.09,card,8,4,4238.52,4.475,electronics,3351.5699999999997
o0000193,s0002400,u001827,2025-11-16 19:05:10,4078.11,157.24,0.0,3920.87,card,4,3,2542.28,3.3666666666666667,home,1378.5899999999997
o0000194,s0002408,u001481,2025-11-03 14:13:36,7206.87,430.76,0.0,6776.11,card,5,3,4788.84,4.2,beauty,1987.2699999999995
o0000195,s0002419,u001534,2025-11-29 02:15:29,9206.87,657.32,0.0,8549.55,cod,7,3,6480.71,4.266666666666667,beauty,2068.8399999999992
o0000196,s0002424,u001192,2025-11-24 19:38:30,28193.77,1419.33,0.0,26774.44,upi,8,4,13629.43,4.0,sports,13145.009999999998
o0000197,s0002433,,2026-01-03 03:33:14,6258.07,399.91,0.0,5858.16,card,5,2,3245.3799999999997,3.95,electronics,2612.78
o0000198,s0002449,u000661,2025-12-18 05:15:03,17537.7,742.29,0.0,16795.41,wallet,7,3,10815.52,4.433333333333334,books,5979.889999999999
o0000199,s0002453,u002018,2025-10-26 12:56:45,7693.4,928.18,0.0,6765.22,card,7,4,4980.6,4.25,electronics,1784.62
o0000200,s0002455,u001533,2025-12-29 22:49:47,10827.87,208.17,0.0,10619.7,netbanking,10,4,6954.16,3.95,home,3665.540000000001
o0000201,s0002469,u000970,2025-12-17 00:16:57,11259.28,1272.71,0.0,9986.57,upi,6,3,5649.360000000001,3.966666666666667,fashion,4337.209999999999
o0000202,s0002476,u002191,2025-11-15 07:58:50,9995.77,355.07,0.0,9640.7,card,6,4,6308.42,3.975,sports,3332.2800000000007
o0000203,s0002499,u002160,2025-11-02 17:13:55,4377.71,531.45,0.0,3846.26,netbanking,5,2,2258.4,3.95,books,1587.8600000000001
o0000204,s0002502,u000742,2025-11-12 20:34:27,7900.99,811.11,0.0,7089.88,wallet,5,2,4996.46,4.25,books,2093.42
o0000205,s0002522,u002185,2025-12-05 05:10:39,6572.56,144.0,0.0,6428.56,cod,4,3,4214.99,4.333333333333333,beauty,2213.5700000000006
o0000206,s0002538,u000391,2025-12-05 11:09:40,16396.77,815.49,0.0,15581.28,card,8,4,10201.78,3.9749999999999996,home,5379.5
o0000207,s0002544,u000495,2025-12-21 21:54:50,3700.2,306.45,0.0,3393.75,upi,2,1,1684.7,3.7,electronics,1709.05
o0000208,s0002559,u000969,2025-11-01 18:56:57,2435.22,265.79,0.0,2169.43,wallet,3,1,1316.52,4.0,books,852.9099999999999
o0000209,s0002561,u000494,2025-10-23 15:58:25,9323.89,559.58,0.0,8764.31,card,8,4,5119.95,4.775,books,3644.3599999999997
o0000210,s0002564,,2025-12-23 19:21:01,2083.85,160.49,0.0,1923.36,wallet,1,1,1550.51,3.5,electronics,372.8499999999999
o0000211,s0002572,u001563,2025-12-25 08:54:28,9822.85,503.62,0.0,9319.23,card,7,4,4947.28,3.95,books,4371.95
o0000212,s0002574,u000740,2025-12-06 02:22:14,2002.05,116.44,0.0,1885.61,card,1,1,1463.06,4.1,beauty,422.54999999999995
o0000213,s0002576,u000392,2025-10-25 15:12:32,10590.6,1150.48,0.0,9440.12,upi,7,4,7127.31,3.8000000000000003,home,2312.8100000000004
o0000214,s0002594,u000958,2025-12-09 17:12:47,9715.05,603.13,0.0,9111.92,wallet,6,2,5614.5,4.45,books,3497.42
o0000215,s0002605,u001068,2025-10-25 01:35:24,11550.98,549.78,0.0,11001.2,upi,6,3,6936.7,3.9666666666666663,books,4064.500000000001
o0000216,s0002614,u000311,2025-11-19 05:11:16,3524.94,286.02,0.0,3238.92,upi,3,1,1644.81,4.2,fashion,1594.1100000000001
o0000217,s0002649,u000994,2026-01-14 13:45:51,2292.21,96.19,0.0,2196.02,card,3,1,1615.62,4.1,electronics,580.4000000000001
o0000218,s0002654,u001347,2025-11-04 04:53:51,5354.52,401.92,0.0,4952.6,cod,5,3,3817.4399999999996,4.266666666666667,beauty,1135.1600000000008
o0000219,s0002701,u002187,2025-10-26 08:23:37,13507.21,712.0,0.0,12795.21,upi,9,4,8171.030000000001,4.2,sports,4624.1799999999985
o0000220,s0002707,u001610,2025-12-13 17:23:58,13563.06,908.37,0.0,12654.69,wallet,6,2,8523.6,4.35,fashion,4131.09
o0000221,s0002711,u001593,2025-11-26 02:52:30,13474.32,1282.29,0.0,12192.03,cod,9,3,7951.950000000001,4.033333333333333,books,4240.08
o0000222,s0002731,u000252,2025-10-22 10:11:15,1060.87,53.25,41.87,1049.49,card,1,1,516.81,3.5,books,532.6800000000001
o0000223,s0002748,u001060,2026-01-05 06:49:27,5506.75,555.58,0.0,4951.17,card,4,4,3183.42,4.325,books,1767.75
o0000224,s0002757,u000956,2025-11-30 21:41:20,7340.43,403.12,0.0,6937.31,netbanking,7,4,4931.54,3.95,books,2005.7700000000004
o0000225,s0002777,u001952,2025-11-09 14:41:43,9079.9,1056.95,0.0,8022.95,card,6,4,5410.360000000001,4.1,books,2612.5899999999992
o0000226,s0002786,u001229,2026-01-16 09:25:01,7791.5,676.82,0.0,7114.68,netbanking,3,2,5108.4,4.35,electronics,2006.2800000000007
o0000227,s0002795,u000509,2025-11-29 19:38:48,9794.22,1021.47,0.0,8772.75,upi,6,4,5389.030000000001,3.95,sports,3383.7199999999993
o0000228,s0002817,u001865,2025-12-21 20:45:14,3971.31,346.06,0.0,3625.25,cod,5,3,2695.3,4.7,electronics,929.9499999999998
o0000229,s0002829,,2025-12-10 01:49:21,12032.46,1036.53,0.0,10995.93,upi,9,3,8041.32,4.566666666666666,beauty,2954.6100000000006
o0000230,s0002830,,2026-01-13 22:10:01,13160.68,528.45,0.0,12632.23,card,8,4,7871.15,4.25,home,4761.08
o0000231,s0002835,,2025-10-22 11:10:40,2268.57,100.72,0.0,2167.85,card,4,3,1473.55,4.033333333333333,home,694.3
o0000232,s0002839,u001283,2025-12-10 17:57:43,2780.06,385.82,0.0,2394.24,netbanking,1,1,1284.51,3.8,books,1109.7299999999998
o0000233,s0002847,u000454,2025-12-20 05:20:30,3614.5,253.5,0.0,3361.0,card,2,2,2419.2,3.9,books,941.8000000000002
o0000234,s0002861,,2025-12-05 22:55:07,13286.16,1372.54,0.0,11913.62,upi,5,2,7487.65,3.8,home,4425.970000000001
o0000235,s0002885,u000047,2026-01-17 14:03:09,5193.8,351.54,0.0,4842.26,card,4,2,3126.2,3.5,books,1716.0600000000004
o0000236,s0002900,u001250,2025-12-30 21:55:11,10833.24,640.02,0.0,10193.22,upi,7,4,5719.93,4.125,fashion,4473.289999999999
o0000237,s0002909,u001728,2026-01-11 12:35:11,1373.78,80.37,108.18,1401.59,netbanking,2,2,703.23,4.1,fashion,698.3599999999999
o0000238,s0002925,u000367,2025-12-03 08:43:38,8496.59,276.76,0.0,8219.83,card,7,3,4891.25,3.8666666666666667,fashion,3328.58
o0000239,s0002941,u000037,2025-11-29 23:36:12,5487.97,500.82,0.0,4987.15,upi,7,4,3513.77,4.2,books,1473.3799999999997
o0000240,s0002949,,2025-12-06 22:09:03,5557.38,653.54,0.0,4903.84,card,4,2,3203.9,4.25,home,1699.94
o0000241,s0002953,u001045,2026-01-09 23:45:09,7299.03,374.28,0.0,6924.75,upi,6,4,4286.54,4.525,books,2638.21
o0000242,s0002960,u001452,2025-10-30 18:08:39,3556.57,378.43,0.0,3178.14,card,2,2,2136.02,4.15,books,1042.12
o0000243,s0002983,u000572,2025-11-06 19:22:07,11355.17,936.24,0.0,10418.93,card,9,4,6300.03,3.7,home,4118.900000000001
o0000244,s0002986,u001826,2025-11-11 10:20:17,5119.04,349.24,0.0,4769.8,upi,2,1,3125.84,4.9,books,1643.96
o0000245,s0002994,u001066,2025-12-27 11:05:45,25746.52,1629.73,0.0,24116.79,wallet,8,4,13449.56,4.25,beauty,10667.230000000001
o0000246,s0002997,u001667,2025-12-18 02:45:14,14306.65,1041.34,0.0,13265.31,card,11,4,7428.51,3.825,sports,5836.799999999999
o0000247,s0003016,u000659,2025-11-21 12:16:17,6692.25,334.48,0.0,6357.77,cod,3,1,4823.76,3.6,sports,1534.0100000000002
o0000248,s0003023,u001284,2025-11-13 16:50:29,19739.88,1819.67,0.0,17920.21,upi,8,4,11159.560000000001,4.125,home,6760.649999999998
o0000249,s0003031,u001410,2026-01-17 00:38:25,3075.24,184.29,0.0,2890.95,netbanking,3,1,1643.31,4.2,home,1247.6399999999999
o0000250,s0003055,u001327,2025-11-21 07:49:07,6047.5,383.9,0.0,5663.6,upi,4,2,3419.13,4.2,books,2244.4700000000003
o0000251,s0003078,u001828,2025-12-09 23:01:46,3894.54,193.45,0.0,3701.09,upi,5,3,2036.93,3.966666666666667,electronics,1664.16
o0000252,s0003080,u001422,2025-12-23 00:49:06,1777.2,172.75,59.56,1664.01,card,2,1,1116.74,4.3,home,547.27
o0000253,s0003115,u001840,2026-01-12 07:21:30,15791.54,490.05,0.0,15301.49,wallet,4,2,8495.26,3.6500000000000004,books,6806.23
o0000254,s0003121,,2025-11-14 08:20:47,5595.84,217.44,0.0,5378.4,wallet,3,2,3537.23,4.6,fashion,1841.1699999999996
o0000255,s0003122,u000372,2025-11-09 01:18:34,4785.36,198.88,0.0,4586.48,netbanking,4,4,3060.37,4.050000000000001,books,1526.1099999999997
o0000256,s0003124,u000017,2026-01-15 05:17:35,13413.11,984.36,0.0,12428.75,wallet,7,3,8681.010000000002,4.166666666666667,home,3747.739999999998
o0000257,s0003148,u000168,2025-12-11 10:37:48,1942.15,241.28,117.35,1818.22,card,2,2,1245.85,4.3,beauty,572.3700000000001
o0000258,s0003149,u000853,2025-11-27 11:31:37,5237.28,514.3,0.0,4722.98,card,4,2,3173.82,4.15,beauty,1549.1599999999994
o0000259,s0003154,u000741,2025-11-28 21:40:15,16750.62,1831.43,0.0,14919.19,card,8,4,8463.21,4.325,beauty,6455.980000000001
o0000260,s0003163,u000713,2025-12-17 04:51:03,9912.84,887.06,0.0,9025.78,upi,5,2,6429.12,3.45,books,2596.6600000000008
o0000261,s0003168,u000719,2025-12-11 08:00:07,2971.9,381.41,0.0,2590.49,cod,4,2,1749.0600000000002,3.95,fashion,841.4299999999996
o0000262,s0003174,u001841,2025-11-14 07:37:37,2371.38,213.78,0.0,2157.6,wallet,3,1,1655.91,4.1,electronics,501.6899999999998
o0000263,s0003177,,2025-11-05 21:59:19,759.8,42.14,57.25,774.91,netbanking,1,1,429.55,4.6,electronics,345.35999999999996
o0000264,s0003178,u001180,2026-01-10 13:57:00,6774.57,474.58,0.0,6299.99,card,6,4,4380.99,3.85,home,1919.0
o0000265,s0003179,,2025-11-01 01:32:16,5641.56,247.81,0.0,5393.75,upi,6,2,3633.0,4.15,fashion,1760.75
o0000266,s0003203,u001561,2025-12-13 13:28:37,33557.83,1793.44,0.0,381172.68,card,10,4,20104.07,4.05,fashion,361068.61
o0000267,s0003221,u002050,2026-01-12 21:19:20,7479.89,657.81,0.0,6822.08,cod,6,3,4796.02,4.1000000000000005,beauty,2026.0599999999995
o0000268,s0003230,u000538,2025-11-06 14:00:22,11262.48,560.99,0.0,10701.49,wallet,5,3,6751.09,3.6333333333333333,sports,3950.3999999999996
o0000269,s0003241,u001252,2025-12-27 06:08:49,2935.69,105.79,0.0,2829.9,card,4,2,1653.5900000000001,4.2,fashion,1176.31
o0000270,s0003257,u001355,2026-01-05 08:48:13,6315.15,117.48,0.0,6197.67,upi,7,4,3336.3100000000004,3.95,beauty,2861.3599999999997
o0000271,s0003264,u002000,2025-11-14 05:44:12,15049.28,940.38,0.0,14108.9,card,7,4,8542.31,4.0,books,5566.59
o0000272,s0003266,u001803,2026-01-16 13:01:37,6153.16,230.82,0.0,5922.34,card,4,2,3624.9999999999995,4.05,beauty,2297.3400000000006
o0000273,s0003282,u000554,2025-10-24 12:16:17,3448.9,207.07,0.0,3241.83,card,2,1,1662.12,4.2,sports,1579.71
o0000274,s0003291,u002142,2025-12-15 04:14:34,2568.39,140.18,0.0,2428.21,card,3,1,1517.58,4.6,fashion,910.6300000000001
o0000275,s0003299,u001902,2025-11-28 14:29:05,6887.62,365.69,0.0,6521.93,cod,5,3,3792.3999999999996,4.7,electronics,2729.5300000000007
o0000276,s0003306,u001962,2026-01-05 00:30:27,7227.03,327.0,0.0,6900.03,card,3,1,4659.78,4.6,fashion,2240.25
o0000277,s0003307,u001750,2025-12-09 10:44:46,6082.99,640.14,0.0,5442.85,upi,5,2,3482.7,3.8499999999999996,electronics,1960.1500000000005
o0000278,s0003346,u001819,2025-10-30 02:30:23,10702.24,537.54,0.0,10164.7,upi,6,4,5290.73,3.55,home,4873.970000000001
o0000279,s0003371,u000194,2026-01-15 22:53:20,2967.29,119.28,0.0,2848.01,wallet,3,2,1957.54,4.1,beauty,890.4700000000003
o0000280,s0003392,u000846,2025-12-04 04:42:27,2804.94,242.71,0.0,2562.23,upi,2,1,1401.48,3.5,sports,1160.75
o0000281,s0003459,u000638,2025-12-30 08:25:23,8898.93,417.68,0.0,8481.25,upi,4,3,4991.6900000000005,3.5,books,3489.5599999999995
o0000282,s0003492,u000831,2025-12-14 02:07:59,8966.27,766.27,0.0,8200.0,card,8,3,5057.3,3.8666666666666667,books,3142.7
o0000283,s0003512,u001863,2025-11-27 14:18:00,3466.09,309.49,0.0,3156.6,wallet,1,1,1882.43,4.0,fashion,1274.1699999999998
o0000284,s0003514,u000798,2025-11-25 16:52:01,8318.16,991.42,0.0,7326.74,upi,7,4,4764.7,4.2,beauty,2562.04
o0000285,s0003529,,2025-12-20 12:51:03,6973.25,425.24,0.0,6548.01,card,6,3,4671.42,4.333333333333333,books,1876.5900000000001
o0000286,s0003550,,2026-01-18 16:56:04,1192.87,49.94,97.54,1240.47,card,1,1,711.97,3.4,electronics,528.5
o0000287,s0003553,u001877,2026-01-12 07:29:11,6286.65,466.82,0.0,5819.83,card,3,1,3458.2200000000003,4.2,books,2361.6099999999997
o0000288,s0003568,u002099,2025-11-22 22:55:02,6416.72,724.64,0.0,5692.08,upi,6,3,3654.79,3.5,home,2037.29
o0000289,s0003584,u001768,2025-12-08 03:03:03,4384.41,212.9,0.0,4171.51,card,3,1,2846.7599999999998,4.0,electronics,1324.7500000000005
o0000290,s0003586,u002080,2025-11-18 08:23:03,4816.83,136.59,0.0,4680.24,netbanking,5,2,3058.1099999999997,3.8499999999999996,beauty,1622.13
o0000291,s0003634,u000724,2026-01-11 04:06:52,1204.79,87.62,96.14,1213.31,wallet,2,2,708.3299999999999,4.25,books,504.98
o0000292,s0003643,,2025-11-24 15:47:58,8632.63,487.69,0.0,8144.94,upi,5,2,5406.6,4.15,books,2738.3399999999992
o0000293,s0003650,u002113,2025-10-27 00:07:57,4182.6,616.3,0.0,3566.3,wallet,4,2,2300.1900000000005,4.800000000000001,fashion,1266.1099999999997
o0000294,s0003653,u001663,2026-01-05 18:04:02,2973.7,192.09,0.0,2781.61,wallet,2,1,2214.04,4.7,home,567.5700000000002
o0000295,s0003680,u000856,2025-10-24 16:50:38,9251.38,651.54,0.0,8599.84,netbanking,5,2,4692.030000000001,4.4,fashion,3907.8099999999995
o0000296,s0003707,u000944,2025-11-09 12:23:41,7888.11,855.49,0.0,7032.62,upi,6,4,4612.85,4.1,books,2419.7699999999995
o0000297,s0003723,u002075,2025-11-17 08:51:17,17275.6,1073.69,0.0,16201.91,netbanking,8,3,8489.63,4.133333333333334,home,7712.280000000001
o0000298,s0003759,u000888,2025-12-17 07:11:17,2020.42,172.53,0.0,1847.89,upi,2,2,1278.27,3.45,beauty,569.6200000000001
o0000299,s0003773,u001688,2025-10-28 08:31:07,11589.97,1474.26,0.0,10115.71,upi,7,3,6564.639999999999,4.133333333333334,books,3551.0699999999997
o0000300,s0003794,,2025-11-21 16:19:36,4129.25,173.43,0.0,3955.82,netbanking,5,2,2494.51,4.1,electronics,1461.31
o0000301,s0003802,u002186,2025-12-16 04:55:15,2288.64,265.11,0.0,2023.53,upi,2,1,1259.3,4.0,sports,764.23
o0000302,s0003821,u002199,2025-12-06 08:51:50,3307.72,159.48,0.0,3148.24,wallet,2,1,2417.4,3.6,home,730.8399999999997
o0000303,s0003830,u000575,2025-12-09 04:07:46,3025.41,264.58,0.0,2760.83,wallet,1,1,1863.34,3.7,sports,897.49
o0000304,s0003835,u001546,2025-10-30 23:30:56,15738.67,1455.47,0.0,14283.2,netbanking,11,4,9684.55,3.925,books,4598.6500000000015
o0000305,s0003839,u000279,2025-10-28 03:54:51,12825.04,1031.02,0.0,11794.02,netbanking,7,3,7137.8,3.9333333333333336,sports,4656.22
o0000306,s0003861,u000994,2026-01-16 13:06:14,3932.12,304.76,0.0,3627.36,card,3,2,2017.63,4.449999999999999,beauty,1609.73
o0000307,s0003865,,2026-01-18 19:17:04,4262.28,418.3,0.0,3843.98,upi,2,1,2399.28,4.7,fashion,1444.6999999999998
o0000308,s0003868,u000168,2025-10-23 11:12:57,3658.87,216.84,0.0,3442.03,card,3,2,2125.74,4.2,beauty,1316.2900000000004
o0000309,s0003874,u002087,2025-11-28 10:36:07,5213.82,476.49,0.0,4737.33,upi,5,3,3213.9800000000005,3.466666666666667,fashion,1523.3499999999995
o0000310,s0003907,u000624,2025-12-16 09:54:59,1713.51,92.35,59.74,1680.9,upi,1,1,848.42,4.3,fashion,832.4800000000001
o0000311,s0003915,,2026-01-16 15:55:43,5499.75,285.89,0.0,5213.86,wallet,4,2,3676.72,4.45,books,1537.1399999999999
o0000312,s0003916,u000445,2025-11-26 00:44:01,3221.23,179.39,0.0,3041.84,wallet,2,2,2298.77,4.2,books,743.0700000000002
o0000313,s0003929,u000770,2025-12-10 04:11:58,4026.24,407.39,0.0,3618.85,upi,4,2,2132.06,4.55,sports,1486.79
o0000314,s0003940,u001001,2026-01-14 07:26:26,2050.16,226.63,0.0,1823.53,card,2,1,1095.54,4.2,home,727.99
o0000315,s0003951,u001639,2025-11-03 19:27:48,1575.5,89.08,99.79,1586.21,upi,2,1,971.22,5.0,books,614.99
o0000316,s0003984,,2025-12-04 13:23:27,5174.37,365.45,0.0,4808.92,card,5,3,3355.8799999999997,4.3999999999999995,sports,1453.0400000000004
o0000317,s0003985,,2025-11-20 05:26:42,9868.22,675.19,0.0,9193.03,card,4,2,4930.9400000000005,3.9499999999999997,books,4262.09
o0000318,s0003986,u000738,2025-12-08 19:10:16,8987.18,358.86,0.0,8628.32,cod,8,4,4966.51,4.05,sports,3661.8099999999995
o0000319,s0003991,u000313,2025-12-25 10:38:54,5173.74,0.0,0.0,5173.74,card,6,2,2674.56,4.300000000000001,electronics,2499.18
o0000320,s0004016,u002045,2026-01-14 09:20:30,14923.16,1831.04,0.0,13092.12,upi,5,2,9795.92,3.9,sports,3296.2000000000007
o0000321,s0004022,u001342,2025-12-18 19:48:27,3401.49,271.77,0.0,3129.72,wallet,6,2,2225.91,4.15,electronics,903.81
o0000322,s0004027,u000799,2025-10-29 10:11:41,14223.76,871.61,0.0,13352.15,cod,3,2,6868.17,3.65,books,6483.98
o0000323,s0004033,,2026-01-18 18:19:13,14329.94,701.8,0.0,13628.14,upi,6,3,7440.81,3.766666666666667,electronics,6187.329999999999
o0000324,s0004044,u001709,2025-12-06 09:33:31,489.18,72.59,105.86,522.45,card,1,1,222.29,3.2,sports,300.1600000000001
o0000325,s0004066,u001429,2025-11-07 18:50:34,1869.24,78.54,73.86,1864.56,wallet,2,1,1280.84,4.0,fashion,583.72
o0000326,s0004069,u001692,2025-12-07 04:59:09,13217.02,975.76,0.0,12241.26,card,7,4,8768.3,4.025,books,3472.960000000001
o0000327,s0004071,u001239,2025-11-18 13:57:49,12265.47,576.37,0.0,11689.1,upi,5,3,6450.67,3.5,home,5238.43
o0000328,s0004076,u001756,2025-11-20 17:25:44,2385.74,139.08,0.0,2246.66,netbanking,2,1,1423.94,3.4,electronics,822.7199999999998
o0000329,s0004092,u001703,2026-01-04 23:56:23,3025.41,227.16,0.0,2798.25,cod,1,1,1863.34,3.7,sports,934.9100000000001
o0000330,s0004093,u001025,2025-12-23 17:36:22,2154.05,131.62,0.0,2022.43,wallet,1,1,1180.96,4.1,fashion,841.47
o0000331,s0004129,u000612,2026-01-11 08:27:09,13730.95,1159.53,0.0,12571.42,card,7,4,9549.83,4.15,electronics,3021.59
o0000332,s0004135,u001167,2025-12-19 17:24:20,6918.16,852.83,0.0,6065.33,netbanking,5,3,4817.46,3.9333333333333336,fashion,1247.87
o0000333,s0004143,u002103,2025-12-31 10:44:44,17692.22,593.28,0.0,17098.94,card,10,4,9015.19,4.675,beauty,8083.749999999998
o0000334,s0004150,u000256,2025-12-25 06:15:33,3448.9,229.88,0.0,3219.02,upi,2,1,1662.12,4.2,sports,1556.9
o0000335,s0004164,u001689,2026-01-11 14:50:30,2279.4,108.48,0.0,2170.92,card,3,1,1288.65,4.6,electronics,882.27
o0000336,s0004170,u001716,2025-11-30 14:56:35,6819.58,590.15,0.0,6229.43,card,7,4,4530.62,4.0,electronics,1698.8100000000004
o0000337,s0004171,u001304,2025-11-30 01:39:18,2658.82,296.15,0.0,2362.67,upi,2,1,1285.86,3.6,home,1076.8100000000002
o0000338,s0004172,u000758,2025-11-04 14:19:05,8243.94,404.16,0.0,7839.78,wallet,6,3,4537.64,4.166666666666667,sports,3302.1399999999994
o0000339,s0004179,,2025-11-28 17:15:28,12657.34,0.0,0.0,12657.34,upi,6,3,7221.61,4.2,beauty,5435.7300000000005
o0000340,s0004184,u001363,2025-11-05 22:05:47,10283.9,1308.11,0.0,8975.79,wallet,7,4,5689.950000000001,4.5,fashion,3285.84
o0000341,s0004186,u001122,2025-12-30 16:51:53,6413.98,178.89,0.0,6235.09,upi,5,3,3511.0299999999997,4.066666666666666,books,2724.0600000000004
o0000342,s0004196,u001495,2025-12-23 01:43:39,3153.22,152.44,0.0,3000.78,cod,2,1,2224.92,4.1,home,775.8600000000001
o0000343,s0004204,u000178,2025-11-25 09:53:13,3259.82,120.0,0.0,3139.82,wallet,2,1,1568.04,3.6,home,1571.7800000000002
o0000344,s0004208,u001567,2025-11-20 11:06:02,11192.72,1470.18,0.0,9722.54,cod,11,4,6503.35,4.075,books,3219.1900000000005
o0000345,s0004223,u000142,2025-12-16 23:21:24,5136.9,764.75,0.0,4372.15,card,3,1,2999.16,4.1,books,1372.9899999999998
o0000346,s0004228,u001388,2025-12-28 10:30:08,5617.66,445.6,0.0,5172.06,upi,6,4,3963.81,4.35,electronics,1208.2500000000005
o0000347,s0004253,u002120,2025-12-31 16:03:28,3527.49,132.36,0.0,3395.13,wallet,3,1,2264.19,4.2,books,1130.94
o0000348,s0004261,,2026-01-04 10:47:11,9227.39,459.05,0.0,8768.34,card,8,3,5495.69,3.5666666666666664,home,3272.6500000000005
o0000349,s0004288,u001750,2025-12-14 09:49:43,4243.34,689.81,0.0,3553.53,upi,3,2,2880.37,4.75,beauty,673.1600000000003
o0000350,s0004337,u000897,2025-12-28 05:33:46,10021.21,723.85,0.0,9297.36,card,10,4,6056.52,3.75,books,3240.84
o0000351,s0004351,u000249,2026-01-07 02:31:55,1114.38,83.27,81.02,1112.13,card,1,1,818.69,4.4,home,293.44000000000005
o0000352,s0004354,u002192,2026-01-18 19:25:42,18086.45,1554.67,0.0,16531.78,card,4,3,11012.35,3.8000000000000003,beauty,5519.4299999999985
o0000353,s0004372,u001569,2025-11-29 18:28:58,4120.87,354.9,0.0,3765.97,cod,3,2,2639.84,3.8,home,1126.1299999999997
o0000354,s0004382,u000065,2025-12-01 23:31:23,2568.39,295.49,0.0,2272.9,wallet,3,1,1517.58,4.6,fashion,755.3200000000002
o0000355,s0004397,u001243,2025-11-07 09:52:13,13841.35,1591.76,0.0,12249.59,card,9,4,8292.27,4.05,electronics,3957.3199999999997
o0000356,s0004407,u000776,2025-12-08 01:20:48,6741.17,434.01,0.0,6307.16,upi,4,3,4364.6900000000005,4.666666666666667,home,1942.4699999999993
o0000357,s0004418,u001105,2026-01-16 15:30:55,5894.74,404.34,0.0,5490.4,cod,7,4,4073.9999999999995,4.525,beauty,1416.4
o0000358,s0004422,u001641,2025-11-26 17:41:13,3225.4,359.25,0.0,2866.15,upi,2,1,1673.64,4.1,fashion,1192.51
o0000359,s0004439,u000198,2026-01-15 15:01:09,16313.93,246.67,0.0,16067.26,netbanking,8,3,9046.35,3.8666666666666667,fashion,7020.91
o0000360,s0004476,u001745,2025-12-09 08:49:35,11350.99,1158.17,0.0,10192.82,wallet,10,4,7301.660000000001,3.8,sports,2891.159999999999
o0000361,s0004482,,2025-11-10 21:42:52,4342.76,405.84,0.0,3936.92,upi,2,2,2895.86,3.8499999999999996,fashion,1041.06
o0000362,s0004501,u001483,2026-01-09 23:06:50,1760.7,118.21,118.49,1760.98,cod,2,1,989.66,4.2,books,771.32
o0000363,s0004534,u001936,2025-10-22 17:41:11,4352.51,185.65,0.0,4166.86,netbanking,4,2,3015.13,3.7,beauty,1151.7299999999996
o0000364,s0004574,u001746,2026-01-04 08:32:18,8659.44,729.85,0.0,7929.59,netbanking,5,3,5269.26,4.433333333333334,books,2660.33
o0000365,s0004575,u002180,2026-01-05 11:14:05,5393.95,114.79,0.0,5279.16,netbanking,5,3,3149.22,3.533333333333333,beauty,2129.94
o0000366,s0004582,u001106,2025-11-26 18:13:11,1652.7,136.24,56.46,1572.92,upi,2,1,1142.4,4.5,sports,430.52
o0000367,s0004596,u000476,2025-11-20 23:41:53,8364.07,528.86,0.0,7835.21,card,4,3,4605.63,3.8333333333333335,books,3229.58
o0000368,s0004620,u001710,2026-01-02 06:31:40,9199.92,1172.56,0.0,8027.36,cod,8,3,5084.219999999999,3.6666666666666665,beauty,2943.1400000000003
o0000369,s0004679,u000738,2025-11-21 06:25:05,11667.8,477.73,0.0,11190.07,cod,7,4,6338.13,3.9,electronics,4851.94
o0000370,s0004688,u001333,2025-12-10 07:00:50,4262.28,112.87,0.0,4149.41,netbanking,2,1,2399.28,4.7,fashion,1750.1299999999997
o0000371,s0004706,u001712,2025-11-07 21:53:11,6182.76,274.91,0.0,5907.85,card,4,2,3465.88,3.8,electronics,2441.9700000000003
o0000372,s0004715,u000908,2025-12-17 08:38:28,9833.08,659.12,0.0,9173.96,upi,4,2,6435.540000000001,3.85,books,2738.4199999999983
o0000373,s0004729,u001704,2025-12-11 10:08:51,14851.37,1865.67,0.0,12985.7,upi,7,4,8697.3,4.1,books,4288.4000000000015
o0000374,s0004736,u002048,2025-11-26 07:37:38,2495.0,141.29,0.0,2353.71,card,4,2,1389.52,4.0,books,964.19
o0000375,s0004778,,2025-11-19 19:34:27,3004.54,290.19,0.0,2714.35,upi,3,2,2030.8000000000002,4.1,fashion,683.5499999999997
o0000376,s0004793,u002036,2025-12-21 08:44:45,8940.57,321.84,0.0,8618.73,upi,8,3,5681.62,4.333333333333333,beauty,2937.1099999999997
o0000377,s0004807,u000246,2026-01-11 08:39:04,3578.61,221.72,0.0,3356.89,cod,3,1,2135.91,3.4,electronics,1220.98
o0000378,s0004814,u001443,2025-12-30 00:19:59,12874.61,1158.74,0.0,11715.87,card,6,3,6902.6900000000005,4.733333333333333,books,4813.18
o0000379,s0004832,u001078,2026-01-16 05:39:14,9041.24,555.25,0.0,8485.99,upi,6,3,5724.34,4.366666666666667,electronics,2761.6499999999996
o0000380,s0004844,u001223,2025-11-22 19:26:50,10481.75,270.81,0.0,10210.94,upi,5,2,5984.16,4.6,electronics,4226.780000000001
o0000381,s0004845,u000427,2026-01-18 01:31:12,5721.91,150.68,0.0,5571.23,cod,8,3,3701.7999999999997,4.633333333333334,electronics,1869.4299999999998
o0000382,s0004851,u002047,2026-01-08 15:30:55,11810.29,1027.54,0.0,10782.75,upi,6,4,5963.2699999999995,3.875,books,4819.4800000000005
o0000383,s0004869,u002167,2026-01-13 03:29:09,1331.7,104.32,81.44,1308.82,card,2,1,837.06,4.2,home,471.76
o0000384,s0004893,u000898,2025-11-18 02:00:40,8150.48,323.27,0.0,7827.21,netbanking,8,4,3988.58,4.125,beauty,3838.63
o0000385,s0004898,u002083,2026-01-12 20:14:34,3146.63,160.04,0.0,2986.59,upi,5,3,1738.6399999999999,4.166666666666667,books,1247.9500000000003
o0000386,s0004916,u001134,2025-12-26 16:58:52,23085.99,2216.77,0.0,20869.22,upi,3,1,14412.51,3.8,beauty,6456.710000000001
o0000387,s0004919,u000525,2025-11-19 21:16:20,13210.74,1487.93,0.0,11722.81,wallet,6,3,6863.91,3.8333333333333335,electronics,4858.9
o0000388,s0004920,,2025-11-21 06:12:15,5027.22,257.22,0.0,4770.0,card,6,2,3486.9300000000003,4.05,electronics,1283.0699999999997
o0000389,s0004934,u000534,2025-12-28 23:43:37,10179.68,1153.74,0.0,9025.94,upi,7,4,5110.56,3.925,fashion,3915.38
o0000390,s0004963,u001191,2025-10-31 11:26:53,4316.72,513.83,0.0,3802.89,wallet,2,2,2282.84,3.6500000000000004,books,1520.0499999999997
o0000391,s0004980,u001704,2025-12-08 23:23:56,12448.26,1742.55,0.0,10705.71,wallet,6,2,7802.610000000001,4.35,books,2903.0999999999985
o0000392,s0004984,u001188,2025-12-12 08:23:28,28357.68,3370.48,0.0,24987.2,upi,10,4,17324.3,4.225,beauty,7662.9000000000015
o0000393,s0004992,u001022,2025-11-25 21:40:39,9572.85,258.53,0.0,9314.32,upi,8,3,5109.95,4.1000000000000005,books,4204.37
o0000394,s0005018,u000004,2025-11-06 14:06:09,9847.55,693.94,0.0,9153.61,card,6,3,6467.369999999999,4.2,electronics,2686.2400000000016
o0000395,s0005026,u001182,2025-10-24 12:12:31,4973.34,642.65,0.0,4330.69,upi,3,1,3407.46,4.5,electronics,923.2299999999996
o0000396,s0005043,u000503,2025-11-15 02:45:30,4247.64,129.66,0.0,4117.98,upi,2,1,2531.58,5.0,fashion,1586.3999999999996
o0000397,s0005069,u000610,2025-12-08 14:49:35,23876.43,1507.22,0.0,22369.21,wallet,6,3,13851.75,4.233333333333333,beauty,8517.46
o0000398,s0005070,,2025-12-10 21:40:56,1590.18,158.89,91.46,1522.75,card,1,1,985.09,4.4,electronics,537.66
o0000399,s0005108,u002152,2025-10-26 16:00:14,5507.23,381.6,0.0,5125.63,card,7,4,3571.1899999999996,4.175,electronics,1554.4400000000005
o0000400,s0005118,u001118,2026-01-12 19:44:02,12964.67,774.33,0.0,12190.34,upi,6,4,7858.08,3.85,books,4332.26
o0000401,s0005123,,2025-12-01 01:45:24,9391.29,580.07,0.0,8811.22,wallet,8,4,6054.59,4.075,sports,2756.629999999999
o0000402,s0005135,u000437,2025-10-30 06:59:19,2128.13,121.83,0.0,2006.3,card,1,1,1033.3,5.0,electronics,973.0
o0000403,s0005141,u000581,2025-11-11 09:04:19,1438.92,155.9,44.22,1327.24,cod,1,1,694.02,3.9,sports,633.22
o0000404,s0005144,u001086,2025-12-13 19:39:25,8576.76,420.02,0.0,8156.74,card,8,4,5460.2,4.425,sports,2696.54
o0000405,s0005157,u001726,2025-11-02 20:01:46,22586.12,1934.58,0.0,20651.54,upi,11,4,15285.05,4.2,books,5366.490000000002
o0000406,s0005181,u001744,2025-12-12 07:43:19,4167.7,357.06,0.0,3810.64,upi,2,1,3101.02,3.5,electronics,709.6199999999999
o0000407,s0005209,u001926,2025-11-26 16:28:17,444.99,31.79,48.91,462.11,upi,1,1,278.78,3.9,books,183.33000000000004
o0000408,s0005214,u000670,2025-12-19 03:20:38,1796.73,162.31,102.88,1737.3,netbanking,3,1,1231.53,4.2,sports,505.77
o0000409,s0005215,u001536,2025-10-30 17:13:45,8367.52,1041.33,0.0,7326.19,upi,7,3,4327.530000000001,4.166666666666667,beauty,2998.659999999999
o0000410,s0005258,u000943,2025-12-28 16:52:17,9952.48,251.71,0.0,9700.77,upi,5,3,6228.870000000001,4.366666666666666,beauty,3471.8999999999996
o0000411,s0005278,u000207,2025-12-27 04:54:16,12046.13,952.46,0.0,11093.67,upi,9,4,6358.59,4.15,beauty,4735.08
o0000412,s0005282,u002087,2025-10-29 10:37:14,631.13,68.14,47.44,610.43,upi,1,1,307.25,4.9,electronics,303.17999999999995
o0000413,s0005286,u001946,2026-01-09 19:28:25,8468.31,841.57,0.0,7626.74,upi,4,3,5278.42,3.9333333333333336,books,2348.3199999999997
o0000414,s0005289,u001172,2025-12-25 11:30:07,7071.94,346.06,0.0,6725.88,card,7,3,3871.19,4.133333333333333,beauty,2854.69
o0000415,s0005296,u001870,2025-12-03 02:50:50,4460.55,224.88,0.0,4235.67,cod,3,1,3321.06,4.7,home,914.6100000000001
o0000416,s0005319,,2025-11-17 20:34:11,3183.98,78.39,0.0,3105.59,upi,2,1,1846.36,4.5,home,1259.2300000000002
o0000417,s0005332,u000250,2026-01-02 20:11:38,3865.97,477.95,0.0,3388.02,cod,3,2,2003.19,4.35,books,1384.83
o0000418,s0005341,u000450,2025-11-09 18:11:00,13992.49,539.04,0.0,13453.45,wallet,10,4,7958.44,4.175000000000001,home,5495.010000000001
o0000419,s0005356,u001221,2025-12-19 18:53:26,9582.08,672.91,0.0,8909.17,upi,9,4,5550.83,3.8,sports,3358.34
o0000420,s0005412,u001927,2025-11-28 22:30:51,1608.71,81.06,51.53,1579.18,card,1,1,1030.2,4.2,beauty,548.98
o0000421,s0005415,u001330,2025-11-11 20:43:06,11185.05,672.95,0.0,10512.1,cod,7,4,5645.63,4.025,sports,4866.47
o0000422,s0005438,u001715,2025-12-31 04:43:18,6457.38,386.87,0.0,6070.51,card,6,4,4378.85,4.325,fashion,1691.6599999999999
o0000423,s0005467,u001797,2025-11-03 16:25:51,612.13,21.41,91.47,682.19,card,1,1,417.54,3.7,books,264.65000000000003
o0000424,s0005473,u001938,2025-11-08 00:51:47,3782.02,405.64,0.0,3376.38,card,2,2,2293.83,4.5,electronics,1082.5500000000002
o0000425,s0005480,u000241,2025-11-24 19:13:57,11166.41,1143.29,0.0,10023.12,wallet,7,4,6403.01,3.875,electronics,3620.1100000000006
o0000426,s0005483,u001407,2026-01-09 20:11:54,5136.58,339.57,0.0,4797.01,upi,5,2,3101.24,4.25,beauty,1695.7700000000004
o0000427,s0005515,u001530,2026-01-06 19:24:35,14178.76,1446.81,0.0,12731.95,upi,6,4,6838.709999999999,4.375,electronics,5893.240000000002
o0000428,s0005524,u002046,2025-11-29 16:00:35,12349.73,761.15,0.0,11588.58,netbanking,9,4,8490.32,4.175,home,3098.26
o0000429,s0005565,,2025-11-07 04:54:22,8722.24,575.17,0.0,8147.07,wallet,11,4,5921.57,3.975,beauty,2225.5
o0000430,s0005580,u000568,2025-10-27 11:23:51,5648.55,556.65,0.0,61102.8,upi,3,1,3876.21,4.6,beauty,57226.590000000004
o0000431,s0005581,u001753,2025-12-21 12:37:05,3075.24,190.37,0.0,2884.87,wallet,3,1,1643.31,4.2,home,1241.56
o0000432,s0005593,u000995,2025-11-05 07:29:22,9254.45,447.35,0.0,8807.1,wallet,8,3,5896.4400000000005,4.266666666666667,electronics,2910.66
o0000433,s0005615,u000157,2026-01-04 15:20:57,6353.34,294.5,0.0,6058.84,cod,5,3,3820.04,4.433333333333334,home,2238.8
o0000434,s0005618,,2025-12-14 06:12:22,5125.25,542.1,0.0,4583.15,wallet,4,4,3342.98,4.025,beauty,1240.1699999999996
o0000435,s0005667,u001962,2025-11-16 13:35:33,7154.29,274.57,0.0,6879.72,card,5,2,3558.1,3.95,beauty,3321.6200000000003
o0000436,s0005682,,2025-12-26 22:41:15,9356.42,433.64,0.0,8922.78,upi,7,3,6458.530000000001,4.266666666666667,electronics,2464.25
o0000437,s0005693,u000798,2025-12-12 15:53:11,2034.16,154.79,0.0,1879.37,wallet,2,2,1043.17,4.2,beauty,836.1999999999998
o0000438,s0005704,u000431,2026-01-03 12:08:29,529.77,32.83,66.03,562.97,card,1,1,372.47,4.2,electronics,190.5
o0000439,s0005717,,2025-11-03 14:15:58,3700.2,368.84,0.0,3331.36,upi,2,1,1684.7,3.7,electronics,1646.66
o0000440,s0005735,u001196,2025-12-25 09:48:49,4227.0,310.34,0.0,3916.66,card,3,2,2329.7,3.95,beauty,1586.96
o0000441,s0005736,u000480,2025-10-24 16:31:21,8687.14,778.5,0.0,7908.64,card,7,3,4913.66,4.233333333333333,beauty,2994.9800000000005
o0000442,s0005742,u000732,2025-11-10 03:30:57,8325.8,108.97,0.0,8216.83,upi,9,4,4669.610000000001,3.725,sports,3547.2199999999993
o0000443,s0005747,u000163,2025-12-15 20:22:28,7629.61,614.93,0.0,7014.68,upi,8,4,4538.95,4.275,beauty,2475.7300000000005
o0000444,s0005755,u001861,2025-12-03 13:50:13,4024.5,240.32,0.0,3784.18,card,2,1,1905.32,4.3,beauty,1878.86
o0000445,s0005778,u001787,2025-11-10 12:27:48,5140.53,238.75,0.0,4901.78,netbanking,3,1,2545.2599999999998,4.3,fashion,2356.52
o0000446,s0005785,,2026-01-01 12:11:34,7058.94,774.48,0.0,6284.46,upi,5,2,4682.31,3.85,beauty,1602.1499999999996
o0000447,s0005791,u000798,2025-11-01 18:44:02,5887.08,572.59,0.0,5314.49,card,5,2,3360.0299999999997,3.8,electronics,1954.46
o0000448,s0005812,u001258,2025-11-06 07:47:11,9285.03,1154.26,0.0,8130.77,card,4,2,4680.74,4.0,fashion,3450.0300000000007
o0000449,s0005816,u000801,2025-10-31 06:49:16,3395.14,366.84,0.0,3028.3,wallet,2,1,2286.38,3.9,beauty,741.9200000000001
o0000450,s0005818,u000876,2025-10-29 03:45:19,4160.6,265.71,0.0,3894.89,card,4,2,2932.46,4.050000000000001,electronics,962.4299999999998
o0000451,s0005843,u001022,2025-10-31 01:02:46,3294.64,258.18,0.0,3036.46,card,3,2,2257.37,4.2,books,779.0900000000001
o0000452,s0005851,u000367,2025-12-09 03:07:09,9350.28,623.93,0.0,8726.35,card,6,2,5142.66,4.300000000000001,beauty,3583.6900000000005
o0000453,s0005861,u001918,2025-12-19 01:01:33,12550.53,1148.73,0.0,11401.8,upi,10,4,7056.4800000000005,4.175,sports,4345.319999999999
o0000454,s0005867,,2026-01-16 01:40:52,4503.36,450.58,0.0,4052.78,upi,5,4,2501.61,4.225,beauty,1551.17
o0000455,s0005891,u000488,2025-10-31 04:40:06,13809.21,489.48,0.0,13319.73,card,7,4,7679.8099999999995,3.45,books,5639.92
o0000456,s0005896,u001700,2025-11-02 19:00:05,13975.01,1221.62,0.0,12753.39,card,7,3,8620.96,4.066666666666667,books,4132.43
o0000457,s0005912,u001050,2025-12-10 13:19:28,5438.81,682.7,0.0,4756.11,netbanking,5,2,2921.58,4.05,books,1834.5299999999997
o0000458,s0005917,u001937,2025-12-11 05:38:04,4384.41,461.36,0.0,3923.05,upi,3,1,2846.7599999999998,4.0,electronics,1076.2900000000004
o0000459,s0005918,u001086,2025-11-03 20:27:39,8936.39,406.99,0.0,8529.4,card,5,3,4541.320000000001,3.8666666666666667,sports,3988.079999999999
o0000460,s0005926,u000610,2025-11-09 05:26:36,11878.53,777.65,0.0,11100.88,upi,6,3,7698.299999999999,4.033333333333333,sports,3402.58
o0000461,s0005947,u001522,2025-11-25 06:20:43,786.93,68.24,49.87,768.56,wallet,3,1,580.38,5.0,sports,188.17999999999995
o0000462,s0005993,u001070,2025-11-15 17:13:26,6439.48,648.55,0.0,5790.93,upi,5,3,3769.93,4.2,beauty,2021.0000000000005
o0000463,s0005997,u001640,2026-01-17 01:10:07,4338.16,512.54,0.0,3825.62,upi,5,3,2791.85,4.2,home,1033.77
o0000464,s0005999,,2025-11-04 21:48:11,5659.42,216.99,0.0,5442.43,upi,6,3,2866.37,4.5,sports,2576.0600000000004
o0000465,s0006011,u000997,2026-01-03 22:32:40,7290.73,573.84,0.0,6716.89,wallet,5,2,5172.9,3.9499999999999997,home,1543.9900000000007
o0000466,s0006030,,2026-01-06 18:57:21,2655.5,39.96,0.0,2615.54,netbanking,3,3,1620.6799999999998,3.9000000000000004,home,994.8600000000001
o0000467,s0006055,u001016,2025-12-22 22:55:33,13614.43,766.17,0.0,12848.26,upi,6,4,8108.9,4.225,beauty,4739.360000000001
o0000468,s0006061,u001445,2025-12-08 22:27:35,11766.82,455.26,0.0,11311.56,card,8,4,6808.69,3.85,beauty,4502.87
o0000469,s0006063,u000826,2025-11-14 07:49:52,5632.47,421.83,0.0,5210.64,upi,5,4,3405.83,4.2,beauty,1804.8100000000004
o0000470,s0006072,u001501,2025-11-25 05:29:39,13730.8,1528.36,0.0,12202.44,upi,7,4,8768.47,4.15,home,3433.970000000001
o0000471,s0006092,u000101,2025-12-04 14:05:19,7181.58,287.13,0.0,6894.45,card,7,4,4572.219999999999,4.325,fashion,2322.2300000000005
o0000472,s0006102,u001745,2025-11-25 13:56:38,4225.07,397.58,0.0,3827.49,cod,5,2,2041.0700000000002,4.300000000000001,electronics,1786.4199999999996
o0000473,s0006125,u001827,2025-11-28 03:24:09,5752.08,316.51,0.0,5435.57,upi,4,3,2767.8,4.033333333333333,sports,2667.7699999999995
o0000474,s0006126,u002006,2025-10-23 17:54:15,4935.36,114.79,0.0,4820.57,upi,4,3,3342.5299999999997,4.333333333333333,books,1478.04
o0000475,s0006129,u001819,2025-11-19 03:39:43,9261.21,576.87,0.0,8684.34,netbanking,4,2,4536.21,3.9,books,4148.13
o0000476,s0006141,u000448,2025-12-14 17:58:13,1701.25,140.4,99.46,1660.31,card,1,1,910.88,4.0,books,749.43
o0000477,s0006143,u001037,2025-12-26 12:54:22,20930.41,1702.3,0.0,19228.11,cod,10,4,11391.86,4.1,books,7836.25
o0000478,s0006154,u001258,2025-11-18 14:26:10,7028.14,726.63,0.0,6301.51,netbanking,2,1,5034.06,4.2,books,1267.4499999999998
o0000479,s0006159,,2025-11-13 20:19:21,4009.16,504.86,0.0,3504.3,upi,2,2,2257.8,3.7,books,1246.5
o0000480,s0006176,u001140,2025-11-26 00:04:27,2083.85,99.06,0.0,1984.79,card,1,1,1550.51,3.5,electronics,434.28
o0000481,s0006192,u001829,2025-12-21 10:16:02,5205.6,446.73,0.0,4758.87,card,5,3,3231.8900000000003,3.766666666666666,books,1526.9799999999996
o0000482,s0006195,u001534,2025-10-29 10:36:16,4899.88,279.07,0.0,4620.81,cod,4,2,3502.3199999999997,3.8,fashion,1118.4900000000007
o0000483,s0006204,u000938,2025-11-06 14:05:58,15563.55,1266.78,0.0,14296.77,netbanking,9,4,9087.99,4.125,books,5208.780000000001
o0000484,s0006208,,2025-11-02 19:45:53,8237.51,621.25,0.0,7616.26,upi,6,3,4133.849999999999,4.533333333333334,fashion,3482.4100000000008
o0000485,s0006219,u000227,2025-12-17 11:34:39,9076.23,964.41,0.0,8111.82,card,3,1,5590.0199999999995,3.7,sports,2521.8
o0000486,s0006228,u000256,2025-10-21 14:41:34,2121.74,92.83,0.0,2028.91,upi,2,1,1033.62,3.5,books,995.2900000000002
o0000487,s0006237,u001836,2025-11-05 10:04:33,3207.32,227.83,0.0,2979.49,card,3,3,1910.5900000000001,3.966666666666667,beauty,1068.8999999999996
o0000488,s0006263,u002095,2026-01-09 09:12:02,7932.11,672.72,0.0,7259.39,upi,3,3,4393.71,3.8666666666666667,books,2865.6800000000003
o0000489,s0006264,u000326,2025-12-25 04:16:08,12084.07,999.34,0.0,11084.73,card,7,4,7007.41,4.2,beauty,4077.3199999999997
o0000490,s0006273,u000378,2026-01-01 12:18:31,9479.53,596.53,0.0,8883.0,wallet,7,3,5869.2300000000005,4.033333333333333,sports,3013.7699999999995
o0000491,s0006279,u001425,2025-12-23 00:57:09,10392.23,1105.18,0.0,9287.05,wallet,3,2,5881.13,3.95,electronics,3405.919999999999
o0000492,s0006284,u000966,2025-12-02 14:51:48,4137.51,369.08,0.0,3768.43,wallet,3,1,2947.98,3.8,sports,820.4499999999998
o0000493,s0006294,u002154,2025-12-25 13:36:17,8974.0,505.19,0.0,8468.81,wallet,6,3,5868.280000000001,3.8333333333333335,books,2600.529999999999
o0000494,s0006306,,2025-12-27 20:03:27,8408.4,606.31,0.0,7802.09,card,5,4,4863.790000000001,4.325,beauty,2938.2999999999993
o0000495,s0006310,u000281,2025-11-10 21:19:03,16373.04,1451.36,0.0,14921.68,netbanking,10,4,9116.92,4.225,beauty,5804.76
o0000496,s0006312,,2025-10-30 14:28:10,3509.21,252.84,0.0,3256.37,upi,3,2,2084.17,3.5999999999999996,electronics,1172.1999999999998
o0000497,s0006313,u000789,2026-01-15 19:01:18,1025.08,56.81,64.88,1033.15,upi,1,1,547.77,4.2,home,485.3800000000001
o0000498,s0006335,u001996,2026-01-19 09:08:01,3419.88,250.67,0.0,3169.21,upi,3,1,2025.3899999999999,4.6,books,1143.8200000000002
o0000499,s0006356,,2026-01-10 12:11:18,17645.52,1260.65,0.0,16384.87,wallet,6,3,10765.48,3.733333333333333,books,5619.389999999999
o0000500,s0006363,u000987,2026-01-15 21:27:03,8142.53,807.08,0.0,7335.45,wallet,5,3,4999.6,4.266666666666667,beauty,2335.8499999999995
o0000501,s0006369,u001133,2025-11-07 16:26:49,11966.23,949.99,0.0,11016.24,netbanking,9,4,7239.02,4.025,books,3777.2199999999993
o0000502,s0006432,u001414,2025-12-15 23:07:16,16944.26,707.32,0.0,16236.94,netbanking,11,4,10251.43,4.25,sports,5985.51
o0000503,s0006442,u001970,2025-11-27 06:33:11,13022.6,2049.49,0.0,10973.11,upi,7,3,8097.210000000001,4.266666666666667,beauty,2875.8999999999996
o0000504,s0006446,u000113,2025-11-05 23:33:47,4961.58,264.85,0.0,4696.73,card,3,1,3626.1000000000004,3.6,home,1070.6299999999992
o0000505,s0006447,u000944,2026-01-14 09:16:56,12605.15,1268.61,0.0,11336.54,card,10,4,8081.33,4.1,beauty,3255.210000000001
o0000506,s0006463,u000389,2026-01-04 01:46:05,2893.24,115.43,0.0,2777.81,card,2,2,1658.3600000000001,4.35,home,1119.4499999999998
o0000507,s0006466,u000042,2026-01-11 04:13:19,631.13,78.57,43.0,595.56,card,1,1,307.25,4.9,electronics,288.30999999999995
o0000508,s0006478,u001183,2025-12-31 17:14:06,9743.43,1080.67,0.0,8662.76,upi,6,2,6620.07,3.7,beauty,2042.6900000000005
o0000509,s0006488,u000082,2026-01-12 11:52:48,9604.86,633.94,0.0,8970.92,upi,6,2,6143.76,4.2,books,2827.16
o0000510,s0006491,u001420,2025-10-25 16:29:27,14641.26,835.87,0.0,13805.39,upi,9,3,8037.8099999999995,4.5,electronics,5767.58
o0000511,s0006529,u001166,2025-12-07 03:14:24,1618.95,46.79,71.45,1643.61,card,1,1,1057.64,4.7,home,585.9699999999998
o0000512,s0006539,u001323,2026-01-06 06:02:05,5417.28,227.33,0.0,5189.95,card,3,1,3790.3500000000004,4.2,books,1399.5999999999995
o0000513,s0006546,u000447,2025-10-31 10:25:00,9273.75,1068.83,0.0,8204.92,wallet,7,4,5393.110000000001,4.45,fashion,2811.8099999999995
o0000514,s0006562,u000438,2025-11-06 09:48:24,1630.78,141.5,87.61,1576.89,upi,2,1,873.06,4.1,books,703.8300000000002
o0000515,s0006564,u001796,2025-12-16 05:16:10,501.35,27.97,67.28,540.66,card,1,1,228.34,4.5,fashion,312.31999999999994
o0000516,s0006567,u000996,2026-01-02 01:03:49,6232.64,944.64,0.0,5288.0,upi,5,3,3305.59,4.3999999999999995,electronics,1982.4099999999999
o0000517,s0006580,u002138,2025-10-28 06:31:00,3744.93,175.54,0.0,3569.39,cod,4,3,1846.77,4.666666666666667,fashion,1722.62
o0000518,s0006594,u000169,2025-12-02 02:56:55,4300.32,74.33,0.0,4225.99,upi,6,4,2653.1,3.975,electronics,1572.8899999999999
o0000519,s0006600,u001473,2025-11-14 17:03:32,12874.86,844.44,0.0,12030.42,cod,6,3,7556.0,4.333333333333333,books,4474.42
o0000520,s0006618,u000748,2025-12-23 20:56:50,7969.1,273.82,0.0,7695.28,upi,8,3,4433.07,4.0,electronics,3262.21
o0000521,s0006625,u002134,2025-12-13 18:59:12,7149.7,758.36,0.0,6391.34,wallet,6,3,4399.04,3.966666666666667,books,1992.3000000000002
o0000522,s0006629,u002079,2025-12-19 08:17:30,5197.55,274.06,0.0,4923.49,upi,5,2,3440.48,3.7,home,1483.0099999999998
o0000523,s0006661,u000224,2026-01-09 19:06:07,12776.95,972.35,0.0,11804.6,card,8,4,6706.05,4.05,fashion,5098.55
o0000524,s0006665,u001633,2025-11-21 03:41:44,3114.88,267.48,0.0,2847.4,wallet,4,2,1910.8200000000002,3.8499999999999996,books,936.5799999999999
o0000525,s0006666,u000407,2025-12-07 09:44:15,1842.06,135.1,70.14,1777.1,card,2,1,1365.36,4.0,electronics,411.74
o0000526,s0006667,u000258,2026-01-12 11:55:50,5335.58,253.12,0.0,5082.46,card,4,2,2682.76,3.8499999999999996,beauty,2399.7
o0000527,s0006668,,2025-11-08 11:04:37,7151.4,809.57,0.0,6341.83,card,4,2,4294.139999999999,4.3,electronics,2047.6900000000005
o0000528,s0006671,u000387,2025-12-02 00:21:48,4467.39,112.06,0.0,4355.33,upi,4,2,2267.02,3.7,electronics,2088.31
o0000529,s0006674,u001182,2025-11-28 03:40:11,3811.76,301.28,0.0,3510.48,upi,5,3,2429.16,3.9000000000000004,beauty,1081.3200000000002
o0000530,s0006687,,2025-11-21 21:52:53,8112.71,532.25,0.0,7580.46,card,6,3,4233.18,3.9,beauty,3347.2799999999997
o0000531,s0006715,u000655,2025-11-25 09:47:29,11273.68,894.6,0.0,10379.08,netbanking,8,4,6246.17,4.075,sports,4132.91
o0000532,s0006718,u000704,2025-11-04 06:59:40,3720.96,303.87,0.0,3417.09,cod,6,2,2411.4300000000003,4.5,beauty,1005.6599999999999
o0000533,s0006768,u001856,2025-11-13 08:29:26,4000.33,247.11,0.0,3753.22,netbanking,4,2,2178.77,4.05,books,1574.4499999999998
o0000534,s0006789,u000382,2026-01-03 14:18:21,3700.8,178.17,0.0,3522.63,upi,1,1,1814.54,4.9,fashion,1708.0900000000001
o0000535,s0006805,u000196,2025-12-31 20:51:04,3199.43,334.23,0.0,2865.2,upi,4,3,1926.85,4.6000000000000005,electronics,938.3499999999999
o0000536,s0006809,u001004,2025-11-05 22:28:19,1372.4,80.52,113.12,1405.0,cod,1,1,838.34,3.6,beauty,566.66
o0000537,s0006832,,2025-12-03 20:06:26,2103.75,336.07,0.0,1767.68,upi,3,1,1295.76,4.2,beauty,471.9200000000001
o0000538,s0006833,u001973,2025-12-06 11:26:44,10369.68,714.71,0.0,9654.97,upi,8,4,6045.469999999999,4.15,books,3609.5
o0000539,s0006866,u000420,2025-11-13 15:04:21,1543.84,167.6,73.82,1450.06,upi,1,1,912.1,3.9,books,537.9599999999999
o0000540,s0006882,u000338,2026-01-11 02:24:45,15345.25,548.99,0.0,14796.26,card,9,4,9454.6,4.15,sports,5341.66
o0000541,s0006899,u001455,2025-12-24 03:47:27,1892.5,246.58,100.1,1746.02,netbanking,2,2,1226.53,4.0,electronics,519.49
o0000542,s0006902,u000529,2025-12-06 13:45:27,1842.06,142.17,115.29,1815.18,upi,2,1,1365.36,4.0,electronics,449.82000000000016
o0000543,s0006904,u002005,2025-11-20 02:19:58,15084.89,1033.85,0.0,14051.04,card,7,3,8091.66,3.8000000000000003,beauty,5959.380000000001
o0000544,s0006917,u001730,2026-01-06 10:13:10,8452.62,901.0,0.0,7551.62,upi,8,3,6246.53,4.1000000000000005,beauty,1305.0900000000001
o0000545,s0006924,u000713,2025-12-17 04:51:23,17572.22,1000.25,0.0,16571.97,card,7,3,10196.33,4.233333333333333,electronics,6375.640000000001
o0000546,s0006931,u001655,2025-12-20 04:09:58,2578.93,140.47,0.0,2438.46,card,1,1,1200.72,4.3,books,1237.74
o0000547,s0006943,u000215,2025-11-26 11:18:12,2332.18,226.3,0.0,2105.88,wallet,2,1,1409.26,4.8,sports,696.6200000000001
o0000548,s0006949,u000148,2025-11-23 00:50:48,2531.4,125.65,0.0,2405.75,cod,3,1,1311.4499999999998,4.4,fashion,1094.3000000000002
o0000549,s0006952,u002182,2025-12-18 03:00:39,7245.1,385.99,0.0,6859.11,upi,5,4,4915.41,4.225,fashion,1943.6999999999998
o0000550,s0006954,u000786,2025-12-23 21:36:09,6381.94,693.66,0.0,5688.28,card,4,2,3422.56,4.0,books,2265.72
o0000551,s0006994,,2026-01-15 08:02:51,10252.09,463.52,0.0,9788.57,upi,10,4,6642.860000000001,3.95,beauty,3145.709999999999
o0000552,s0007012,u000204,2025-11-23 19:31:22,11348.99,567.19,0.0,10781.8,upi,11,4,6390.54,3.9749999999999996,fashion,4391.259999999999
o0000553,s0007017,u001533,2025-12-09 03:32:33,2391.84,106.21,0.0,2285.63,card,4,2,1312.1799999999998,4.35,beauty,973.4500000000003
o0000554,s0007022,u001150,2025-10-31 09:42:19,21171.81,793.96,0.0,20377.85,upi,9,3,12772.35,3.8000000000000003,books,7605.499999999998
o0000555,s0007034,u001712,2026-01-11 19:15:07,10550.65,842.36,0.0,9708.29,upi,4,3,7232.12,3.733333333333333,electronics,2476.170000000001
o0000556,s0007049,,2025-12-18 14:14:52,2669.41,235.54,0.0,2433.87,wallet,3,2,1495.1399999999999,4.1,electronics,938.73
o0000557,s0007081,u000249,2025-11-03 09:30:12,9347.85,875.05,0.0,8472.8,upi,7,4,5422.200000000001,4.05,beauty,3050.5999999999985
o0000558,s0007093,u001350,2025-12-10 22:21:25,11588.46,617.35,0.0,10971.11,upi,9,4,6456.32,4.125,electronics,4514.790000000001
o0000559,s0007108,u000211,2025-12-01 03:11:40,11791.2,681.28,0.0,11109.92,upi,8,4,7706.59,4.125,books,3403.33
o0000560,s0007112,u002058,2025-11-02 09:51:30,4558.56,309.43,0.0,4249.13,upi,4,3,2809.97,4.033333333333334,beauty,1439.1600000000003
o0000561,s0007114,u001527,2025-12-16 16:20:27,2411.32,136.93,0.0,2274.39,card,2,1,1702.44,3.6,books,571.9499999999998
o0000562,s0007129,u000944,2026-01-19 05:57:53,5725.6,644.22,0.0,5081.38,card,7,3,4062.48,4.333333333333333,electronics,1018.9000000000001
o0000563,s0007159,u001523,2025-12-09 04:35:37,10920.58,1087.19,0.0,9833.39,card,4,2,5852.04,4.1,books,3981.3499999999995
o0000564,s0007165,,2025-12-29 04:48:27,6344.33,672.71,0.0,5671.62,cod,6,4,4082.14,4.375,beauty,1589.48
o0000565,s0007175,u000198,2025-12-12 01:00:34,4851.22,27.59,0.0,4823.63,card,3,2,3005.5099999999998,4.1,electronics,1818.1200000000003
o0000566,s0007178,u001995,2026-01-14 12:05:30,6700.5,291.39,0.0,6409.11,netbanking,7,4,3821.91,4.125,beauty,2587.2
o0000567,s0007190,u000110,2025-12-16 01:26:55,7841.45,341.1,0.0,7500.35,netbanking,8,3,5065.1900000000005,3.9,books,2435.16
o0000568,s0007197,,2025-12-31 05:07:59,2792.1,152.99,0.0,2639.11,upi,3,1,1275.48,3.9,fashion,1363.63
o0000569,s0007199,u001200,2025-11-20 02:13:04,3762.42,370.28,0.0,3392.14,upi,4,2,2467.46,3.5,home,924.6799999999998
o0000570,s0007200,,2025-11-22 14:39:30,9913.89,884.97,0.0,9028.92,cod,4,3,5170.42,4.4,beauty,3858.5
o0000571,s0007211,u002120,2026-01-06 21:33:04,9026.8,1102.13,0.0,7924.67,upi,5,2,5021.87,4.7,electronics,2902.8
o0000572,s0007222,u001056,2025-12-28 08:15:23,12190.62,749.85,0.0,11440.77,wallet,6,3,7807.76,3.8000000000000003,books,3633.01
o0000573,s0007254,u001372,2026-01-11 11:42:46,3556.82,442.11,0.0,3114.71,upi,2,1,2447.46,4.7,home,667.25
o0000574,s0007265,u000280,2025-12-03 01:53:51,4271.86,164.15,0.0,4107.71,wallet,2,2,2617.12,3.65,beauty,1490.5900000000001
o0000575,s0007269,u000142,2025-12-21 23:39:21,16561.13,1831.04,0.0,14730.09,card,8,3,10571.98,4.0,books,4158.110000000001
o0000576,s0007276,u001490,2025-10-22 13:57:29,3483.01,206.74,0.0,3276.27,wallet,3,2,2464.69,4.15,home,811.5799999999999
o0000577,s0007287,u000816,2026-01-14 22:12:19,4026.47,153.37,0.0,3873.1,cod,3,2,2636.33,4.3,beauty,1236.77
o0000578,s0007315,u001486,2025-12-02 19:06:13,7234.1,464.17,0.0,6769.93,upi,10,4,3919.13,4.2,fashion,2850.8
o0000579,s0007317,u001283,2025-11-17 05:17:29,4180.96,378.62,0.0,3802.34,card,2,2,1909.7099999999998,4.75,electronics,1892.6300000000003
o0000580,s0007324,u001919,2025-12-29 08:06:50,12308.46,390.6,0.0,11917.86,cod,5,3,8163.039999999999,4.066666666666666,books,3754.8200000000015
o0000581,s0007329,u002077,2025-10-24 15:35:28,10061.3,931.61,0.0,9129.69,upi,5,3,5461.89,4.333333333333333,fashion,3667.8
o0000582,s0007338,u001933,2025-12-27 13:50:44,1590.06,123.66,52.76,1519.16,card,3,1,738.75,3.6,home,780.4100000000001
o0000583,s0007347,u000535,2025-12-26 13:43:48,6736.02,0.0,0.0,6736.02,upi,4,3,4614.44,3.9,electronics,2121.580000000001
o0000584,s0007355,u000794,2026-01-07 05:42:11,4832.53,358.48,0.0,4474.05,upi,5,2,3262.89,3.85,home,1211.1600000000003
o0000585,s0007411,,2026-01-18 09:07:15,4557.3,473.76,0.0,4083.54,card,5,2,2535.59,4.1,beauty,1547.9499999999998
o0000586,s0007443,u001379,2026-01-12 07:53:28,19603.73,1537.29,0.0,18066.44,card,10,4,10841.17,4.2,home,7225.269999999999
o0000587,s0007444,u000509,2025-12-19 17:10:32,8374.55,650.77,0.0,7723.78,wallet,8,3,4935.33,4.033333333333334,home,2788.45
o0000588,s0007445,,2025-11-07 12:01:14,8156.47,670.79,0.0,7485.68,upi,6,3,5357.26,4.266666666666667,sports,2128.42
o0000589,s0007456,u001334,2025-11-11 18:25:16,3611.37,374.82,0.0,3236.55,upi,3,2,1859.49,4.25,fashion,1377.0600000000002
o0000590,s0007466,u001883,2026-01-16 17:06:42,7357.0,508.8,0.0,6848.2,cod,5,2,5384.94,4.1,books,1463.2600000000002
o0000591,s0007471,u000476,2025-10-26 14:28:57,6256.31,315.81,0.0,5940.5,wallet,5,2,3334.24,4.45,beauty,2606.26
o0000592,s0007479,u000649,2025-12-25 01:29:35,2578.93,265.11,0.0,2313.82,card,1,1,1200.72,4.3,books,1113.1000000000001
o0000593,s0007490,u000292,2026-01-04 22:08:23,19076.97,1982.17,0.0,17094.8,wallet,6,3,12713.970000000001,4.466666666666667,beauty,4380.829999999998
o0000594,s0007494,,2025-11-19 19:58:38,14198.34,431.68,0.0,13766.66,card,5,2,8261.66,3.95,books,5505.0
o0000595,s0007504,u000978,2025-12-11 16:52:14,8719.26,449.59,0.0,8269.67,wallet,8,4,5001.959999999999,4.275,sports,3267.710000000001
o0000596,s0007521,u000338,2026-01-14 15:59:58,13550.77,900.19,0.0,12650.58,wallet,10,4,8225.54,4.025,sports,4425.039999999999
o0000597,s0007530,u000551,2025-11-12 02:05:56,2755.86,154.15,0.0,2601.71,card,4,2,1664.7,3.95,fashion,937.01
o0000598,s0007540,,2026-01-05 11:24:20,7535.12,465.36,0.0,7069.76,card,8,4,4777.7,4.05,books,2292.0600000000004
o0000599,s0007543,u001935,2025-10-27 17:31:59,3587.69,215.03,0.0,3372.66,card,3,2,1986.8899999999999,4.05,electronics,1385.77
o0000600,s0007554,u001204,2025-10-28 19:48:04,8872.95,819.36,0.0,8053.59,upi,6,3,4384.66,4.1000000000000005,books,3668.9300000000003
o0000601,s0007595,u000057,2025-12-21 11:28:23,3776.75,416.0,0.0,3360.75,card,3,2,2021.74,4.25,books,1339.01
o0000602,s0007597,u001748,2025-12-08 01:19:24,10389.62,382.39,0.0,10007.23,wallet,8,4,6784.72,4.25,sports,3222.5099999999993
o0000603,s0007617,u001761,2026-01-12 22:23:15,6774.82,714.62,0.0,6060.2,wallet,5,3,4256.79,4.233333333333333,beauty,1803.4099999999999
o0000604,s0007621,u001486,2026-01-11 05:21:46,7977.1,480.88,0.0,7496.22,wallet,8,4,4431.7,4.275,electronics,3064.5200000000004
o0000605,s0007643,u001509,2026-01-04 02:01:45,10166.3,851.25,0.0,9315.05,upi,5,4,6720.22,4.025,home,2594.829999999999
o0000606,s0007685,u000753,2025-12-31 21:33:52,7324.97,254.66,0.0,7070.31,card,5,3,4338.57,4.466666666666667,beauty,2731.7400000000007
o0000607,s0007689,u000206,2025-12-04 05:09:20,13681.59,463.29,0.0,13218.3,card,10,4,8178.7300000000005,4.025,sports,5039.569999999999
o0000608,s0007704,u000648,2025-10-21 20:05:05,5186.95,418.45,0.0,4768.5,card,5,2,3087.63,3.6,beauty,1680.87
o0000609,s0007708,u000626,2026-01-05 15:50:41,16886.64,625.19,0.0,16261.45,cod,9,4,9370.87,3.9749999999999996,beauty,6890.58
o0000610,s0007716,u001669,2026-01-13 05:19:46,3466.66,148.47,0.0,3318.19,upi,1,1,1889.84,4.2,books,1428.3500000000001
o0000611,s0007721,,2025-11-12 10:46:30,4250.51,368.35,0.0,3882.16,wallet,6,3,2437.54,3.8333333333333335,fashion,1444.62
o0000612,s0007730,u002077,2025-11-18 20:27:51,9123.63,856.35,0.0,8267.28,wallet,7,4,6152.17,4.075,beauty,2115.1100000000006
o0000613,s0007731,u001854,2025-10-23 13:39:28,1712.3,127.46,97.16,1682.0,card,1,1,999.72,4.1,books,682.28
o0000614,s0007751,u002139,2025-12-23 15:40:44,5145.89,200.75,0.0,4945.14,card,2,2,3424.26,4.5,fashion,1520.88
o0000615,s0007769,,2025-11-12 22:54:15,4517.36,700.63,0.0,3816.73,wallet,6,3,2719.09,4.0,electronics,1097.6399999999999
o0000616,s0007789,u002161,2025-10-27 19:48:00,8245.29,686.4,0.0,7558.89,wallet,8,4,5342.54,4.475,fashion,2216.3500000000004
o0000617,s0007827,,2026-01-03 19:42:59,15610.6,1575.34,0.0,14035.26,card,9,4,8619.54,4.1499999999999995,books,5415.719999999999
o0000618,s0007837,u000400,2025-11-23 08:48:00,13445.68,576.7,0.0,12868.98,cod,9,4,7859.2,3.8499999999999996,beauty,5009.78
o0000619,s0007859,u001541,2025-11-02 13:11:31,10797.3,826.58,0.0,9970.72,upi,7,3,6405.18,4.333333333333333,books,3565.539999999999
o0000620,s0007870,u001049,2026-01-08 14:34:26,2568.39,0.0,0.0,2568.39,wallet,3,1,1517.58,4.6,fashion,1050.81
o0000621,s0007874,u000439,2025-11-12 21:34:32,6210.51,323.41,0.0,5887.1,upi,7,3,3374.34,3.8000000000000003,fashion,2512.76
o0000622,s0007879,u000578,2025-11-06 10:20:12,3402.5,164.57,0.0,3237.93,wallet,2,1,1821.76,4.0,books,1416.1699999999998
o0000623,s0007898,u000887,2025-12-24 20:47:30,2952.08,241.66,0.0,2710.42,card,2,1,1422.22,4.1,beauty,1288.2
o0000624,s0007928,,2025-10-27 19:22:13,10602.01,186.26,0.0,10415.75,upi,8,4,5565.99,4.375,electronics,4849.76
o0000625,s0007933,u002036,2025-12-24 07:55:09,3738.69,317.68,0.0,3421.01,card,3,1,2135.58,5.0,electronics,1285.4300000000003
o0000626,s0007942,u000957,2026-01-19 09:43:20,11288.1,660.89,0.0,10627.21,netbanking,8,4,8243.58,4.025,home,2383.629999999999
o0000627,s0007953,u001781,2025-11-06 21:34:00,13445.4,306.96,0.0,13138.44,upi,8,3,8384.36,4.066666666666666,books,4754.08
o0000628,s0007954,u001295,2025-12-06 13:19:56,12923.53,1374.41,0.0,11549.12,card,8,4,7890.85,4.275,fashion,3658.2700000000004
o0000629,s0007970,u000951,2025-11-02 16:15:24,14772.59,825.22,0.0,13947.37,card,6,4,7549.35,4.025,books,6398.02
o0000630,s0007976,u001487,2025-12-06 16:18:32,3619.74,355.55,0.0,3264.19,card,3,1,1832.6100000000001,4.4,electronics,1431.58
o0000631,s0007978,u000933,2025-12-13 09:52:21,10036.05,572.52,0.0,9463.53,card,7,3,5799.84,4.533333333333334,beauty,3663.6900000000005
o0000632,s0007982,u000309,2025-12-24 08:10:01,13231.05,1408.34,0.0,11822.71,wallet,8,3,9376.01,4.133333333333334,home,2446.699999999999
o0000633,s0007997,u001946,2025-11-15 14:20:53,5181.27,295.37,0.0,4885.9,upi,4,2,3361.4300000000003,4.2,beauty,1524.4699999999993
o0000634,s0008034,u000586,2025-11-09 18:56:12,2128.13,163.57,0.0,1964.56,netbanking,1,1,1033.3,5.0,electronics,931.26
o0000635,s0008039,u000512,2025-10-28 13:27:43,13845.01,1162.81,0.0,12682.2,card,8,4,7219.59,4.199999999999999,beauty,5462.610000000001
o0000636,s0008090,u000002,2025-11-14 09:34:01,12556.93,924.23,0.0,11632.7,netbanking,9,4,6355.3099999999995,4.225,beauty,5277.390000000001
o0000637,s0008106,u001126,2025-10-25 02:42:22,3309.38,211.04,0.0,3098.34,wallet,4,2,1790.7,3.3,books,1307.64
o0000638,s0008153,,2025-11-23 04:55:51,7735.68,446.59,0.0,7289.09,upi,6,3,4626.11,3.7999999999999994,electronics,2662.9800000000005
o0000639,s0008155,u001952,2025-10-28 09:46:38,9907.38,1061.74,0.0,8845.64,card,6,2,5539.83,3.95,electronics,3305.8099999999995
o0000640,s0008159,u002128,2025-12-17 21:46:51,9446.84,888.77,0.0,8558.07,netbanking,5,2,5190.37,4.35,beauty,3367.7
o0000641,s0008167,,2025-12-24 10:44:04,5769.91,476.83,0.0,5293.08,card,7,3,3038.9100000000003,4.0,beauty,2254.1699999999996
o0000642,s0008169,u000359,2026-01-02 22:37:05,8212.47,451.5,0.0,7760.97,upi,6,2,5174.79,4.5,electronics,2586.1800000000003
o0000643,s0008181,u001205,2025-12-14 19:03:49,16611.73,1008.14,0.0,15603.59,cod,10,4,9970.58,4.475,electronics,5633.01
o0000644,s0008208,u002154,2025-12-04 17:53:47,8851.2,530.21,0.0,8320.99,wallet,5,3,6121.26,3.9,electronics,2199.7299999999996
o0000645,s0008209,,2025-12-05 07:52:37,9671.96,1193.77,0.0,8478.19,upi,9,4,6222.25,4.45,beauty,2255.9400000000005
o0000646,s0008210,u001615,2026-01-16 14:21:57,786.93,12.01,48.38,823.3,card,3,1,580.38,5.0,sports,242.91999999999996
o0000647,s0008239,u001610,2025-11-27 01:46:52,6764.54,668.99,0.0,6095.55,card,6,4,4186.4400000000005,4.2,beauty,1909.1099999999997
o0000648,s0008253,u000070,2026-01-04 00:18:42,8563.61,667.05,0.0,7896.56,card,4,3,5362.26,4.566666666666666,fashion,2534.3
o0000649,s0008261,u000673,2025-11-29 18:50:42,5571.82,375.9,0.0,5195.92,upi,4,3,3372.27,3.8333333333333335,beauty,1823.65
o0000650,s0008264,u000775,2025-12-20 18:54:53,8471.72,735.05,0.0,7736.67,wallet,8,3,4902.0599999999995,3.933333333333333,books,2834.6100000000006
o0000651,s0008319,u000289,2026-01-07 03:30:21,12496.06,654.13,0.0,11841.93,cod,10,4,6626.54,3.925,fashion,5215.39
o0000652,s0008323,u001491,2025-12-14 07:38:04,7186.88,376.51,0.0,6810.37,wallet,4,2,3584.49,4.3,sports,3225.88
o0000653,s0008347,,2025-12-09 02:18:00,6231.42,642.24,0.0,5589.18,cod,6,2,3282.51,4.45,beauty,2306.67
o0000654,s0008362,u001793,2025-11-01 02:43:33,13994.15,777.19,0.0,13216.96,wallet,5,3,7896.789999999999,4.0,books,5320.17
o0000655,s0008380,u000797,2025-11-22 21:36:59,12756.08,1145.92,0.0,11610.16,upi,5,2,8376.67,4.5,electronics,3233.49
o0000656,s0008391,u001588,2025-12-22 06:38:06,1123.47,76.08,83.32,1130.71,cod,1,1,660.23,3.8,fashion,470.48
o0000657,s0008400,,2025-11-21 09:52:58,3558.61,278.59,0.0,3280.02,upi,4,4,2360.93,4.175,home,919.0900000000001
o0000658,s0008404,u000990,2025-11-11 02:31:06,19842.99,982.22,0.0,18860.77,netbanking,8,3,10116.78,3.8333333333333335,home,8743.99
o0000659,s0008408,u000685,2025-11-24 22:42:15,4558.52,777.75,0.0,3780.77,card,6,3,3092.06,3.5666666666666664,beauty,688.71
o0000660,s0008410,u000241,2025-11-04 14:19:10,6275.55,570.34,0.0,5705.21,upi,6,2,3489.18,4.25,fashion,2216.03
o0000661,s0008411,,2025-11-24 17:07:35,3501.63,187.26,0.0,3314.37,upi,5,3,2225.24,3.966666666666667,home,1089.13
o0000662,s0008412,u000255,2025-11-09 04:17:13,934.62,82.49,100.19,952.32,card,1,1,640.42,4.0,fashion,311.9000000000001
o0000663,s0008446,u000146,2025-12-03 17:49:48,6325.65,453.82,0.0,5871.83,card,6,2,3509.2200000000003,3.7,beauty,2362.6099999999997
o0000664,s0008454,u000382,2026-01-02 01:05:28,2045.36,56.95,0.0,1988.41,upi,2,2,1182.2,4.2,beauty,806.21
o0000665,s0008460,u001732,2025-10-26 02:47:25,2269.74,214.01,0.0,2055.73,upi,2,2,1498.86,3.9,home,556.8700000000001
o0000666,s0008490,,2025-12-06 00:57:58,11898.8,1120.04,0.0,10778.76,netbanking,7,4,7202.35,4.325,fashion,3576.41
o0000667,s0008520,u001858,2025-11-08 21:15:10,3700.8,548.26,0.0,3152.54,card,1,1,1814.54,4.9,fashion,1338.0
o0000668,s0008538,u000114,2025-10-28 14:19:24,7736.79,642.47,0.0,7094.32,upi,3,1,3602.16,4.3,books,3492.16
o0000669,s0008544,u000784,2025-12-19 01:21:03,9080.32,987.55,0.0,8092.77,upi,5,2,4617.280000000001,4.55,books,3475.49
o0000670,s0008552,u000041,2025-11-06 12:43:35,8212.14,690.59,0.0,7521.55,cod,6,2,4642.469999999999,4.15,books,2879.080000000001
o0000671,s0008560,u001424,2025-12-09 10:39:30,13182.89,1020.88,0.0,12162.01,upi,5,2,7413.61,4.2,beauty,4748.400000000001
o0000672,s0008583,u000481,2025-11-16 14:30:54,5086.92,169.95,0.0,4916.97,netbanking,3,1,3428.76,4.2,fashion,1488.21
o0000673,s0008592,u000871,2025-12-30 09:41:32,2095.55,193.22,0.0,1902.33,wallet,1,1,1152.74,4.2,books,749.5899999999999
o0000674,s0008604,,2025-11-14 13:26:05,6170.02,834.31,0.0,5335.71,upi,4,2,4133.57,3.8499999999999996,beauty,1202.1400000000003
o0000675,s0008621,u000017,2025-11-09 03:06:16,5956.7,213.02,0.0,5743.68,upi,4,2,3449.52,4.3,books,2294.1600000000003
o0000676,s0008637,u000217,2025-11-20 09:10:14,1712.26,135.33,79.72,1656.65,card,2,1,1011.72,4.6,fashion,644.9300000000001
o0000677,s0008651,u000066,2025-12-14 09:32:12,19893.62,1721.68,0.0,18171.94,card,6,3,12190.560000000001,3.866666666666667,books,5981.379999999997
o0000678,s0008659,u000628,2025-12-30 06:47:13,6490.03,594.23,0.0,5895.8,upi,6,3,4255.59,4.133333333333334,electronics,1640.21
o0000679,s0008669,u002027,2025-12-14 22:28:17,12054.08,1281.57,0.0,10772.51,wallet,9,4,6118.6,3.675,sports,4653.91
o0000680,s0008681,,2025-11-28 17:19:42,9908.73,769.93,0.0,9138.8,cod,8,4,5969.18,3.8,fashion,3169.619999999999
o0000681,s0008683,u000354,2025-12-09 02:18:59,2228.76,185.98,0.0,2042.78,upi,2,1,1637.38,4.4,home,405.39999999999986
o0000682,s0008709,u001207,2025-11-28 15:18:45,14200.25,916.78,0.0,13283.47,wallet,8,4,8141.33,4.1,electronics,5142.139999999999
o0000683,s0008724,u000896,2025-11-14 10:07:24,12694.97,487.12,0.0,12207.85,wallet,5,2,7982.27,3.95,home,4225.58
o0000684,s0008729,u000683,2025-10-24 03:21:55,5754.88,165.47,0.0,5589.41,card,5,3,3368.21,4.333333333333333,electronics,2221.2
o0000685,s0008771,u000916,2025-12-02 09:40:14,1576.61,205.29,98.45,1469.77,upi,1,1,1112.46,4.1,home,357.30999999999995
o0000686,s0008775,u001857,2025-10-29 07:31:15,2240.13,133.97,0.0,2106.16,wallet,3,1,1591.1999999999998,5.0,fashion,514.96
o0000687,s0008792,u001674,2026-01-01 02:45:33,3792.65,381.6,0.0,3411.05,wallet,4,4,2055.55,3.975,beauty,1355.5
o0000688,s0008810,u000633,2025-12-24 14:12:37,6911.44,660.18,0.0,6251.26,upi,6,3,3875.41,4.466666666666666,books,2375.8500000000004
o0000689,s0008812,u001347,2025-12-20 08:39:45,7745.91,846.73,0.0,6899.18,cod,5,2,4645.469999999999,4.9,fashion,2253.710000000001
o0000690,s0008816,,2025-11-26 13:26:29,13628.31,752.62,0.0,12875.69,upi,11,4,7400.07,4.125,books,5475.620000000001
o0000691,s0008828,u000053,2025-11-26 05:37:14,4974.33,157.9,0.0,4816.43,wallet,5,3,3301.2400000000002,4.133333333333333,books,1515.19
o0000692,s0008832,u000179,2025-12-09 13:24:47,3599.96,215.67,0.0,3384.29,card,1,1,1795.74,3.9,home,1588.55
o0000693,s0008833,,2025-11-26 13:44:27,7115.5,466.75,0.0,6648.75,upi,7,3,3842.79,3.9,electronics,2805.96
o0000694,s0008841,u001917,2026-01-07 14:18:11,22363.54,934.59,0.0,21428.95,upi,7,4,13387.75,4.35,sports,8041.200000000001
o0000695,s0008863,,2026-01-04 21:17:59,14471.99,1092.98,0.0,13379.01,cod,9,4,8243.869999999999,4.225,fashion,5135.140000000001
o0000696,s0008866,u000531,2025-11-18 21:41:08,2330.38,134.44,0.0,2195.94,upi,2,1,1582.02,4.2,beauty,613.9200000000001
o0000697,s0008876,u001764,2026-01-02 10:36:36,10960.01,929.89,0.0,10030.12,upi,7,3,6618.07,4.1000000000000005,fashion,3412.050000000001
o0000698,s0008893,u001650,2025-11-17 03:22:31,8432.16,568.59,0.0,7863.57,wallet,9,3,5382.21,4.166666666666667,books,2481.3599999999997
o0000699,s0008908,,2026-01-12 10:43:03,9354.79,295.26,0.0,9059.53,card,7,4,6127.55,3.95,beauty,2931.9800000000005
o0000700,s0008913,u001561,2025-10-25 16:49:15,1882.85,149.33,66.04,1799.56,wallet,1,1,1292.07,4.6,beauty,507.49
o0000701,s0008916,u000494,2026-01-17 09:39:46,16581.33,970.63,0.0,15610.7,upi,5,3,8017.719999999999,4.033333333333333,books,7592.980000000001
o0000702,s0008946,u000601,2025-12-12 21:02:03,10416.26,636.96,0.0,9779.3,wallet,6,3,5600.0599999999995,4.266666666666667,beauty,4179.24
o0000703,s0008962,u001124,2026-01-08 20:03:10,10599.81,822.63,0.0,9777.18,card,8,4,5488.44,3.9749999999999996,home,4288.740000000001
o0000704,s0008966,u002024,2025-11-22 13:36:37,826.94,27.96,45.42,844.4,cod,1,1,533.86,3.3,home,310.53999999999996
o0000705,s0008969,u000828,2025-10-30 08:45:06,4952.35,400.3,0.0,4552.05,card,4,2,2585.89,3.9,beauty,1966.1600000000003
o0000706,s0008978,u000505,2026-01-14 10:29:53,13693.76,506.81,0.0,13186.95,upi,7,3,6542.53,3.8666666666666667,books,6644.420000000001
o0000707,s0008985,,2025-11-04 13:26:56,3521.3,242.6,0.0,3278.7,upi,2,1,1894.74,4.4,sports,1383.9599999999998
